[ '/usr/local/bin/node',
  '/Users/avanpelt/code/realprojects/NFLDemo/utilities/fixData.js',
  './data/PLAY_withBug.csv' ]
Calling 'readCsv'...
'readCsv' returned
parsed ./data/PLAY_withBug.csv in 15 ms
{ gid: 3562,
  pid: 581080,
  off: 'NYG',
  def: 'MIN',
  type: 'KOFF',
  dseq: 0,
  len: 6,
  qtr: 1,
  min: 15,
  sec: 0,
  ptso: 0,
  ptsd: 0,
  timo: 3,
  timd: 3,
  dwn: 0,
  ytg: 0,
  yfog: 0,
  zone: 0,
  fd: 0,
  sg: 0,
  nh: 0,
  pts: 0,
  tck: 0,
  sk: 0,
  pen: 0,
  ints: 0,
  fum: 0,
  saf: 0,
  blk: 0,
  olid: 0 }
177 rows read
flip point totals for 581211
[ { gid: 3562,
    pid: 581080,
    off: 'NYG',
    def: 'MIN',
    type: 'KOFF',
    dseq: 0,
    len: 6,
    qtr: 1,
    min: 15,
    sec: 0,
    ptso: 0,
    ptsd: 0,
    timo: 3,
    timd: 3,
    dwn: 0,
    ytg: 0,
    yfog: 0,
    zone: 0,
    fd: 0,
    sg: 0,
    nh: 0,
    pts: 0,
    tck: 0,
    sk: 0,
    pen: 0,
    ints: 0,
    fum: 0,
    saf: 0,
    blk: 0,
    olid: 0 },
  { gid: 3562,
    pid: 581081,
    off: 'NYG',
    def: 'MIN',
    type: 'PASS',
    dseq: 1,
    len: 32,
    qtr: 1,
    min: 14,
    sec: 54,
    ptso: 0,
    ptsd: 0,
    timo: 3,
    timd: 3,
    dwn: 1,
    ytg: 10,
    yfog: 16,
    zone: 1,
    fd: 0,
    sg: 0,
    nh: 0,
    pts: 0,
    tck: 1,
    sk: 0,
    pen: 0,
    ints: 0,
    fum: 0,
    saf: 0,
    blk: 0,
    olid: 1635 },
  { gid: 3562,
    pid: 581082,
    off: 'NYG',
    def: 'MIN',
    type: 'RUSH',
    dseq: 2,
    len: 45,
    qtr: 1,
    min: 14,
    sec: 22,
    ptso: 0,
    ptsd: 0,
    timo: 3,
    timd: 3,
    dwn: 2,
    ytg: 10,
    yfog: 16,
    zone: 1,
    fd: 0,
    sg: 0,
    nh: 0,
    pts: 0,
    tck: 1,
    sk: 0,
    pen: 0,
    ints: 0,
    fum: 0,
    saf: 0,
    blk: 0,
    olid: 1635 },
  { gid: 3562,
    pid: 581083,
    off: 'NYG',
    def: 'MIN',
    type: 'RUSH',
    dseq: 3,
    len: 40,
    qtr: 1,
    min: 13,
    sec: 37,
    ptso: 0,
    ptsd: 0,
    timo: 3,
    timd: 3,
    dwn: 3,
    ytg: 5,
    yfog: 21,
    zone: 2,
    fd: 1,
    sg: 1,
    nh: 0,
    pts: 0,
    tck: 1,
    sk: 0,
    pen: 0,
    ints: 0,
    fum: 0,
    saf: 0,
    blk: 0,
    olid: 1635 },
  { gid: 3562,
    pid: 581084,
    off: 'NYG',
    def: 'MIN',
    type: 'RUSH',
    dseq: 4,
    len: 43,
    qtr: 1,
    min: 12,
    sec: 57,
    ptso: 0,
    ptsd: 0,
    timo: 3,
    timd: 3,
    dwn: 1,
    ytg: 10,
    yfog: 27,
    zone: 2,
    fd: 0,
    sg: 0,
    nh: 0,
    pts: 0,
    tck: 1,
    sk: 0,
    pen: 0,
    ints: 0,
    fum: 0,
    saf: 0,
    blk: 0,
    olid: 1635 },
  { gid: 3562,
    pid: 581085,
    off: 'NYG',
    def: 'MIN',
    type: 'PASS',
    dseq: 5,
    len: 39,
    qtr: 1,
    min: 12,
    sec: 14,
    ptso: 0,
    ptsd: 0,
    timo: 3,
    timd: 3,
    dwn: 2,
    ytg: 9,
    yfog: 28,
    zone: 2,
    fd: 1,
    sg: 0,
    nh: 0,
    pts: 0,
    tck: 1,
    sk: 0,
    pen: 0,
    ints: 0,
    fum: 0,
    saf: 0,
    blk: 0,
    olid: 1635 },
  { gid: 3562,
    pid: 581086,
    off: 'NYG',
    def: 'MIN',
    type: 'RUSH',
    dseq: 6,
    len: 36,
    qtr: 1,
    min: 11,
    sec: 35,
    ptso: 0,
    ptsd: 0,
    timo: 3,
    timd: 3,
    dwn: 1,
    ytg: 10,
    yfog: 40,
    zone: 2,
    fd: 0,
    sg: 0,
    nh: 0,
    pts: 0,
    tck: 1,
    sk: 0,
    pen: 0,
    ints: 0,
    fum: 0,
    saf: 0,
    blk: 0,
    olid: 1635 },
  { gid: 3562,
    pid: 581087,
    off: 'NYG',
    def: 'MIN',
    type: 'PASS',
    dseq: 7,
    len: 37,
    qtr: 1,
    min: 10,
    sec: 59,
    ptso: 0,
    ptsd: 0,
    timo: 3,
    timd: 3,
    dwn: 2,
    ytg: 12,
    yfog: 38,
    zone: 2,
    fd: 1,
    sg: 1,
    nh: 0,
    pts: 0,
    tck: 1,
    sk: 0,
    pen: 0,
    ints: 0,
    fum: 0,
    saf: 0,
    blk: 0,
    olid: 1635 },
  { gid: 3562,
    pid: 581088,
    off: 'NYG',
    def: 'MIN',
    type: 'PASS',
    dseq: 8,
    len: 43,
    qtr: 1,
    min: 10,
    sec: 22,
    ptso: 0,
    ptsd: 0,
    timo: 3,
    timd: 3,
    dwn: 1,
    ytg: 10,
    yfog: 51,
    zone: 3,
    fd: 0,
    sg: 0,
    nh: 0,
    pts: 0,
    tck: 1,
    sk: 0,
    pen: 0,
    ints: 0,
    fum: 0,
    saf: 0,
    blk: 0,
    olid: 1635 },
  { gid: 3562,
    pid: 581089,
    off: 'NYG',
    def: 'MIN',
    type: 'RUSH',
    dseq: 9,
    len: 42,
    qtr: 1,
    min: 9,
    sec: 39,
    ptso: 0,
    ptsd: 0,
    timo: 3,
    timd: 3,
    dwn: 2,
    ytg: 9,
    yfog: 52,
    zone: 3,
    fd: 0,
    sg: 0,
    nh: 0,
    pts: 0,
    tck: 1,
    sk: 0,
    pen: 0,
    ints: 0,
    fum: 0,
    saf: 0,
    blk: 0,
    olid: 1635 },
  { gid: 3562,
    pid: 581090,
    off: 'NYG',
    def: 'MIN',
    type: 'PASS',
    dseq: 10,
    len: 38,
    qtr: 1,
    min: 8,
    sec: 57,
    ptso: 0,
    ptsd: 0,
    timo: 3,
    timd: 3,
    dwn: 3,
    ytg: 3,
    yfog: 58,
    zone: 3,
    fd: 1,
    sg: 1,
    nh: 0,
    pts: 0,
    tck: 1,
    sk: 0,
    pen: 0,
    ints: 0,
    fum: 0,
    saf: 0,
    blk: 0,
    olid: 1635 },
  { gid: 3562,
    pid: 581091,
    off: 'NYG',
    def: 'MIN',
    type: 'RUSH',
    dseq: 11,
    len: 38,
    qtr: 1,
    min: 8,
    sec: 19,
    ptso: 0,
    ptsd: 0,
    timo: 3,
    timd: 3,
    dwn: 1,
    ytg: 10,
    yfog: 67,
    zone: 4,
    fd: 0,
    sg: 0,
    nh: 0,
    pts: 0,
    tck: 1,
    sk: 0,
    pen: 0,
    ints: 0,
    fum: 0,
    saf: 0,
    blk: 0,
    olid: 1635 },
  { gid: 3562,
    pid: 581092,
    off: 'NYG',
    def: 'MIN',
    type: 'PASS',
    dseq: 12,
    len: 9,
    qtr: 1,
    min: 7,
    sec: 41,
    ptso: 0,
    ptsd: 0,
    timo: 3,
    timd: 3,
    dwn: 2,
    ytg: 3,
    yfog: 74,
    zone: 4,
    fd: 0,
    sg: 0,
    nh: 0,
    pts: 0,
    tck: 0,
    sk: 0,
    pen: 0,
    ints: 0,
    fum: 0,
    saf: 0,
    blk: 0,
    olid: 1635 },
  { gid: 3562,
    pid: 581093,
    off: 'NYG',
    def: 'MIN',
    type: 'PASS',
    dseq: 13,
    len: 36,
    qtr: 1,
    min: 7,
    sec: 32,
    ptso: 0,
    ptsd: 0,
    timo: 3,
    timd: 3,
    dwn: 3,
    ytg: 3,
    yfog: 74,
    zone: 4,
    fd: 1,
    sg: 1,
    nh: 0,
    pts: 0,
    tck: 1,
    sk: 0,
    pen: 0,
    ints: 0,
    fum: 0,
    saf: 0,
    blk: 0,
    olid: 1635 },
  { gid: 3562,
    pid: 581094,
    off: 'NYG',
    def: 'MIN',
    type: 'RUSH',
    dseq: 14,
    len: 36,
    qtr: 1,
    min: 6,
    sec: 56,
    ptso: 0,
    ptsd: 0,
    timo: 3,
    timd: 3,
    dwn: 1,
    ytg: 10,
    yfog: 77,
    zone: 4,
    fd: 0,
    sg: 1,
    nh: 0,
    pts: 0,
    tck: 1,
    sk: 0,
    pen: 0,
    ints: 0,
    fum: 0,
    saf: 0,
    blk: 0,
    olid: 1635 },
  { gid: 3562,
    pid: 581095,
    off: 'NYG',
    def: 'MIN',
    type: 'RUSH',
    dseq: 15,
    len: 45,
    qtr: 1,
    min: 6,
    sec: 20,
    ptso: 0,
    ptsd: 0,
    timo: 3,
    timd: 3,
    dwn: 2,
    ytg: 8,
    yfog: 79,
    zone: 4,
    fd: 0,
    sg: 0,
    nh: 0,
    pts: 0,
    tck: 1,
    sk: 0,
    pen: 0,
    ints: 0,
    fum: 0,
    saf: 0,
    blk: 0,
    olid: 1635 },
  { gid: 3562,
    pid: 581096,
    off: 'NYG',
    def: 'MIN',
    type: 'PASS',
    dseq: 16,
    len: 8,
    qtr: 1,
    min: 5,
    sec: 35,
    ptso: 0,
    ptsd: 0,
    timo: 3,
    timd: 3,
    dwn: 3,
    ytg: 3,
    yfog: 84,
    zone: 5,
    fd: 0,
    sg: 1,
    nh: 0,
    pts: 0,
    tck: 0,
    sk: 0,
    pen: 0,
    ints: 0,
    fum: 0,
    saf: 0,
    blk: 0,
    olid: 1635 },
  { gid: 3562,
    pid: 581097,
    off: 'NYG',
    def: 'MIN',
    type: 'FGXP',
    dseq: 17,
    len: 3,
    qtr: 1,
    min: 5,
    sec: 27,
    ptso: 0,
    ptsd: 0,
    timo: 3,
    timd: 3,
    dwn: 4,
    ytg: 3,
    yfog: 84,
    zone: 5,
    fd: 0,
    sg: 0,
    nh: 0,
    pts: 3,
    tck: 0,
    sk: 0,
    pen: 0,
    ints: 0,
    fum: 0,
    saf: 0,
    blk: 0,
    olid: 0 },
  { gid: 3562,
    pid: 581098,
    off: 'MIN',
    def: 'NYG',
    type: 'KOFF',
    dseq: 0,
    len: 6,
    qtr: 1,
    min: 5,
    sec: 24,
    ptso: 0,
    ptsd: 3,
    timo: 3,
    timd: 3,
    dwn: 0,
    ytg: 0,
    yfog: 0,
    zone: 0,
    fd: 0,
    sg: 0,
    nh: 0,
    pts: 0,
    tck: 0,
    sk: 0,
    pen: 0,
    ints: 0,
    fum: 0,
    saf: 0,
    blk: 0,
    olid: 0 },
  { gid: 3562,
    pid: 581099,
    off: 'MIN',
    def: 'NYG',
    type: 'RUSH',
    dseq: 1,
    len: 35,
    qtr: 1,
    min: 5,
    sec: 24,
    ptso: 0,
    ptsd: 3,
    timo: 3,
    timd: 3,
    dwn: 1,
    ytg: 10,
    yfog: 20,
    zone: 1,
    fd: 0,
    sg: 0,
    nh: 0,
    pts: 0,
    tck: 1,
    sk: 0,
    pen: 0,
    ints: 0,
    fum: 0,
    saf: 0,
    blk: 0,
    olid: 1447 },
  { gid: 3562,
    pid: 581100,
    off: 'MIN',
    def: 'NYG',
    type: 'PASS',
    dseq: 2,
    len: 8,
    qtr: 1,
    min: 4,
    sec: 53,
    ptso: 0,
    ptsd: 3,
    timo: 3,
    timd: 3,
    dwn: 2,
    ytg: 7,
    yfog: 23,
    zone: 2,
    fd: 0,
    sg: 0,
    nh: 0,
    pts: 0,
    tck: 0,
    sk: 0,
    pen: 0,
    ints: 0,
    fum: 0,
    saf: 0,
    blk: 0,
    olid: 1447 },
  { gid: 3562,
    pid: 581101,
    off: 'MIN',
    def: 'NYG',
    type: 'PASS',
    dseq: 3,
    len: 32,
    qtr: 1,
    min: 4,
    sec: 45,
    ptso: 0,
    ptsd: 3,
    timo: 3,
    timd: 3,
    dwn: 3,
    ytg: 7,
    yfog: 23,
    zone: 2,
    fd: 1,
    sg: 1,
    nh: 0,
    pts: 0,
    tck: 1,
    sk: 0,
    pen: 0,
    ints: 0,
    fum: 0,
    saf: 0,
    blk: 0,
    olid: 1447 },
  { gid: 3562,
    pid: 581102,
    off: 'MIN',
    def: 'NYG',
    type: 'PASS',
    dseq: 4,
    len: 9,
    qtr: 1,
    min: 4,
    sec: 13,
    ptso: 0,
    ptsd: 3,
    timo: 3,
    timd: 3,
    dwn: 1,
    ytg: 10,
    yfog: 32,
    zone: 2,
    fd: 0,
    sg: 0,
    nh: 0,
    pts: 0,
    tck: 0,
    sk: 0,
    pen: 0,
    ints: 0,
    fum: 0,
    saf: 0,
    blk: 0,
    olid: 1447 },
  { gid: 3562,
    pid: 581103,
    off: 'MIN',
    def: 'NYG',
    type: 'RUSH',
    dseq: 5,
    len: 43,
    qtr: 1,
    min: 4,
    sec: 4,
    ptso: 0,
    ptsd: 3,
    timo: 3,
    timd: 3,
    dwn: 2,
    ytg: 10,
    yfog: 32,
    zone: 2,
    fd: 0,
    sg: 0,
    nh: 0,
    pts: 0,
    tck: 1,
    sk: 0,
    pen: 0,
    ints: 0,
    fum: 0,
    saf: 0,
    blk: 0,
    olid: 1447 },
  { gid: 3562,
    pid: 581104,
    off: 'MIN',
    def: 'NYG',
    type: 'PASS',
    dseq: 6,
    len: 8,
    qtr: 1,
    min: 3,
    sec: 21,
    ptso: 0,
    ptsd: 3,
    timo: 3,
    timd: 3,
    dwn: 3,
    ytg: 13,
    yfog: 29,
    zone: 2,
    fd: 0,
    sg: 0,
    nh: 0,
    pts: 0,
    tck: 0,
    sk: 0,
    pen: 0,
    ints: 0,
    fum: 0,
    saf: 0,
    blk: 0,
    olid: 1447 },
  { gid: 3562,
    pid: 581105,
    off: 'NYG',
    def: 'MIN',
    type: 'PUNT',
    dseq: 0,
    len: 13,
    qtr: 1,
    min: 3,
    sec: 13,
    ptso: 3,
    ptsd: 0,
    timo: 3,
    timd: 3,
    dwn: 4,
    ytg: 13,
    yfog: 29,
    zone: 2,
    fd: 0,
    sg: 0,
    nh: 0,
    pts: 0,
    tck: 0,
    sk: 0,
    pen: 1,
    ints: 0,
    fum: 0,
    saf: 0,
    blk: 0,
    olid: 0 },
  { gid: 3562,
    pid: 581106,
    off: 'NYG',
    def: 'MIN',
    type: 'PASS',
    dseq: 1,
    len: 21,
    qtr: 1,
    min: 3,
    sec: 0,
    ptso: 3,
    ptsd: 0,
    timo: 3,
    timd: 3,
    dwn: 1,
    ytg: 10,
    yfog: 17,
    zone: 1,
    fd: 1,
    sg: 0,
    nh: 0,
    pts: 0,
    tck: 1,
    sk: 0,
    pen: 0,
    ints: 0,
    fum: 0,
    saf: 0,
    blk: 0,
    olid: 1635 },
  { gid: 3562,
    pid: 581107,
    off: 'NYG',
    def: 'MIN',
    type: 'RUSH',
    dseq: 2,
    len: 40,
    qtr: 1,
    min: 2,
    sec: 39,
    ptso: 3,
    ptsd: 0,
    timo: 3,
    timd: 3,
    dwn: 1,
    ytg: 10,
    yfog: 27,
    zone: 2,
    fd: 0,
    sg: 0,
    nh: 0,
    pts: 0,
    tck: 1,
    sk: 0,
    pen: 0,
    ints: 0,
    fum: 0,
    saf: 0,
    blk: 0,
    olid: 1635 },
  { gid: 3562,
    pid: 581108,
    off: 'NYG',
    def: 'MIN',
    type: 'RUSH',
    dseq: 3,
    len: 36,
    qtr: 1,
    min: 1,
    sec: 59,
    ptso: 3,
    ptsd: 0,
    timo: 3,
    timd: 3,
    dwn: 2,
    ytg: 12,
    yfog: 25,
    zone: 2,
    fd: 0,
    sg: 1,
    nh: 0,
    pts: 0,
    tck: 1,
    sk: 0,
    pen: 0,
    ints: 0,
    fum: 0,
    saf: 0,
    blk: 0,
    olid: 1635 },
  { gid: 3562,
    pid: 581109,
    off: 'NYG',
    def: 'MIN',
    type: 'PASS',
    dseq: 4,
    len: 34,
    qtr: 1,
    min: 1,
    sec: 23,
    ptso: 3,
    ptsd: 0,
    timo: 3,
    timd: 3,
    dwn: 3,
    ytg: 6,
    yfog: 31,
    zone: 2,
    fd: 0,
    sg: 1,
    nh: 0,
    pts: 0,
    tck: 1,
    sk: 0,
    pen: 0,
    ints: 0,
    fum: 0,
    saf: 0,
    blk: 0,
    olid: 1635 },
  { gid: 3562,
    pid: 581110,
    off: 'MIN',
    def: 'NYG',
    type: 'PUNT',
    dseq: 0,
    len: 26,
    qtr: 1,
    min: 0,
    sec: 49,
    ptso: 0,
    ptsd: 3,
    timo: 3,
    timd: 3,
    dwn: 4,
    ytg: 2,
    yfog: 35,
    zone: 2,
    fd: 0,
    sg: 0,
    nh: 0,
    pts: 7,
    tck: 0,
    sk: 0,
    pen: 1,
    ints: 0,
    fum: 0,
    saf: 0,
    blk: 0,
    olid: 0 },
  { gid: 3562,
    pid: 581111,
    off: 'MIN',
    def: 'NYG',
    type: 'FGXP',
    dseq: 0,
    len: 3,
    qtr: 1,
    min: 0,
    sec: 23,
    ptso: 7,
    ptsd: 3,
    timo: 3,
    timd: 3,
    dwn: 0,
    ytg: 0,
    yfog: 0,
    zone: 0,
    fd: 0,
    sg: 0,
    nh: 0,
    pts: 0,
    tck: 0,
    sk: 0,
    pen: 0,
    ints: 0,
    fum: 0,
    saf: 0,
    blk: 0,
    olid: 0 },
  { gid: 3562,
    pid: 581112,
    off: 'NYG',
    def: 'MIN',
    type: 'KOFF',
    dseq: 0,
    len: 6,
    qtr: 1,
    min: 0,
    sec: 23,
    ptso: 3,
    ptsd: 7,
    timo: 3,
    timd: 3,
    dwn: 0,
    ytg: 0,
    yfog: 0,
    zone: 0,
    fd: 0,
    sg: 0,
    nh: 0,
    pts: 0,
    tck: 0,
    sk: 0,
    pen: 0,
    ints: 0,
    fum: 0,
    saf: 0,
    blk: 0,
    olid: 0 },
  { gid: 3562,
    pid: 581113,
    off: 'NYG',
    def: 'MIN',
    type: 'RUSH',
    dseq: 1,
    len: 35,
    qtr: 1,
    min: 0,
    sec: 18,
    ptso: 3,
    ptsd: 7,
    timo: 3,
    timd: 3,
    dwn: 1,
    ytg: 10,
    yfog: 22,
    zone: 2,
    fd: 0,
    sg: 0,
    nh: 0,
    pts: 0,
    tck: 1,
    sk: 0,
    pen: 0,
    ints: 0,
    fum: 0,
    saf: 0,
    blk: 0,
    olid: 1635 },
  { gid: 3562,
    pid: 581114,
    off: 'NYG',
    def: 'MIN',
    type: 'PASS',
    dseq: 2,
    len: 4,
    qtr: 2,
    min: 15,
    sec: 0,
    ptso: 3,
    ptsd: 7,
    timo: 3,
    timd: 3,
    dwn: 2,
    ytg: 9,
    yfog: 23,
    zone: 2,
    fd: 0,
    sg: 1,
    nh: 0,
    pts: 0,
    tck: 0,
    sk: 0,
    pen: 0,
    ints: 0,
    fum: 0,
    saf: 0,
    blk: 0,
    olid: 1635 },
  { gid: 3562,
    pid: 581115,
    off: 'NYG',
    def: 'MIN',
    type: 'PASS',
    dseq: 3,
    len: 4,
    qtr: 2,
    min: 14,
    sec: 56,
    ptso: 3,
    ptsd: 7,
    timo: 3,
    timd: 3,
    dwn: 3,
    ytg: 9,
    yfog: 23,
    zone: 2,
    fd: 0,
    sg: 1,
    nh: 0,
    pts: 0,
    tck: 0,
    sk: 0,
    pen: 0,
    ints: 0,
    fum: 0,
    saf: 0,
    blk: 0,
    olid: 1635 },
  { gid: 3562,
    pid: 581116,
    off: 'MIN',
    def: 'NYG',
    type: 'PUNT',
    dseq: 0,
    len: 7,
    qtr: 2,
    min: 14,
    sec: 52,
    ptso: 7,
    ptsd: 3,
    timo: 3,
    timd: 3,
    dwn: 4,
    ytg: 9,
    yfog: 23,
    zone: 2,
    fd: 0,
    sg: 0,
    nh: 0,
    pts: 0,
    tck: 0,
    sk: 0,
    pen: 0,
    ints: 0,
    fum: 0,
    saf: 0,
    blk: 0,
    olid: 0 },
  { gid: 3562,
    pid: 581117,
    off: 'MIN',
    def: 'NYG',
    type: 'RUSH',
    dseq: 1,
    len: 38,
    qtr: 2,
    min: 14,
    sec: 45,
    ptso: 7,
    ptsd: 3,
    timo: 3,
    timd: 3,
    dwn: 1,
    ytg: 10,
    yfog: 35,
    zone: 2,
    fd: 0,
    sg: 0,
    nh: 0,
    pts: 0,
    tck: 1,
    sk: 0,
    pen: 0,
    ints: 0,
    fum: 0,
    saf: 0,
    blk: 0,
    olid: 1447 },
  { gid: 3562,
    pid: 581118,
    off: 'MIN',
    def: 'NYG',
    type: 'PASS',
    dseq: 2,
    len: 7,
    qtr: 2,
    min: 14,
    sec: 7,
    ptso: 7,
    ptsd: 3,
    timo: 3,
    timd: 3,
    dwn: 2,
    ytg: 8,
    yfog: 37,
    zone: 2,
    fd: 0,
    sg: 0,
    nh: 0,
    pts: 0,
    tck: 0,
    sk: 0,
    pen: 0,
    ints: 0,
    fum: 0,
    saf: 0,
    blk: 0,
    olid: 1447 },
  { gid: 3562,
    pid: 581119,
    off: 'MIN',
    def: 'NYG',
    type: 'PASS',
    dseq: 3,
    len: 38,
    qtr: 2,
    min: 14,
    sec: 0,
    ptso: 7,
    ptsd: 3,
    timo: 3,
    timd: 3,
    dwn: 3,
    ytg: 8,
    yfog: 37,
    zone: 2,
    fd: 0,
    sg: 1,
    nh: 0,
    pts: 0,
    tck: 1,
    sk: 0,
    pen: 0,
    ints: 0,
    fum: 0,
    saf: 0,
    blk: 0,
    olid: 1447 },
  { gid: 3562,
    pid: 581120,
    off: 'NYG',
    def: 'MIN',
    type: 'PUNT',
    dseq: 0,
    len: 15,
    qtr: 2,
    min: 13,
    sec: 22,
    ptso: 3,
    ptsd: 7,
    timo: 3,
    timd: 3,
    dwn: 4,
    ytg: 1,
    yfog: 44,
    zone: 3,
    fd: 0,
    sg: 0,
    nh: 0,
    pts: 0,
    tck: 0,
    sk: 0,
    pen: 0,
    ints: 0,
    fum: 0,
    saf: 0,
    blk: 0,
    olid: 0 },
  { gid: 3562,
    pid: 581121,
    off: 'NYG',
    def: 'MIN',
    type: 'PASS',
    dseq: 1,
    len: 31,
    qtr: 2,
    min: 13,
    sec: 7,
    ptso: 3,
    ptsd: 7,
    timo: 3,
    timd: 3,
    dwn: 1,
    ytg: 10,
    yfog: 18,
    zone: 1,
    fd: 0,
    sg: 0,
    nh: 0,
    pts: 0,
    tck: 1,
    sk: 0,
    pen: 0,
    ints: 0,
    fum: 0,
    saf: 0,
    blk: 0,
    olid: 1635 },
  { gid: 3562,
    pid: 581122,
    off: 'NYG',
    def: 'MIN',
    type: 'PASS',
    dseq: 2,
    len: 13,
    qtr: 2,
    min: 12,
    sec: 36,
    ptso: 3,
    ptsd: 7,
    timo: 3,
    timd: 3,
    dwn: 2,
    ytg: 3,
    yfog: 25,
    zone: 2,
    fd: 0,
    sg: 0,
    nh: 0,
    pts: 0,
    tck: 0,
    sk: 0,
    pen: 0,
    ints: 0,
    fum: 0,
    saf: 0,
    blk: 0,
    olid: 1635 },
  { gid: 3562,
    pid: 581123,
    off: 'NYG',
    def: 'MIN',
    type: 'PASS',
    dseq: 3,
    len: 36,
    qtr: 2,
    min: 12,
    sec: 23,
    ptso: 3,
    ptsd: 7,
    timo: 3,
    timd: 3,
    dwn: 3,
    ytg: 3,
    yfog: 25,
    zone: 2,
    fd: 1,
    sg: 1,
    nh: 0,
    pts: 0,
    tck: 1,
    sk: 0,
    pen: 0,
    ints: 0,
    fum: 0,
    saf: 0,
    blk: 0,
    olid: 1635 },
  { gid: 3562,
    pid: 581124,
    off: 'NYG',
    def: 'MIN',
    type: 'PASS',
    dseq: 4,
    len: 32,
    qtr: 2,
    min: 11,
    sec: 47,
    ptso: 3,
    ptsd: 7,
    timo: 3,
    timd: 3,
    dwn: 1,
    ytg: 10,
    yfog: 37,
    zone: 2,
    fd: 1,
    sg: 0,
    nh: 0,
    pts: 0,
    tck: 1,
    sk: 0,
    pen: 0,
    ints: 0,
    fum: 0,
    saf: 0,
    blk: 0,
    olid: 1635 },
  { gid: 3562,
    pid: 581125,
    off: 'NYG',
    def: 'MIN',
    type: 'RUSH',
    dseq: 5,
    len: 41,
    qtr: 2,
    min: 11,
    sec: 15,
    ptso: 3,
    ptsd: 7,
    timo: 3,
    timd: 3,
    dwn: 1,
    ytg: 10,
    yfog: 48,
    zone: 3,
    fd: 0,
    sg: 0,
    nh: 0,
    pts: 0,
    tck: 1,
    sk: 0,
    pen: 0,
    ints: 0,
    fum: 0,
    saf: 0,
    blk: 0,
    olid: 1635 },
  { gid: 3562,
    pid: 581126,
    off: 'NYG',
    def: 'MIN',
    type: 'RUSH',
    dseq: 6,
    len: 45,
    qtr: 2,
    min: 10,
    sec: 34,
    ptso: 3,
    ptsd: 7,
    timo: 3,
    timd: 3,
    dwn: 2,
    ytg: 9,
    yfog: 49,
    zone: 3,
    fd: 0,
    sg: 1,
    nh: 0,
    pts: 0,
    tck: 1,
    sk: 0,
    pen: 0,
    ints: 0,
    fum: 1,
    saf: 0,
    blk: 0,
    olid: 1635 },
  { gid: 3562,
    pid: 581127,
    off: 'NYG',
    def: 'MIN',
    type: 'NOPL',
    dseq: 6,
    len: 8,
    qtr: 2,
    min: 9,
    sec: 49,
    ptso: 3,
    ptsd: 7,
    timo: 3,
    timd: 3,
    dwn: 3,
    ytg: 5,
    yfog: 53,
    zone: 3,
    fd: 1,
    sg: 0,
    nh: 0,
    pts: 0,
    tck: 0,
    sk: 0,
    pen: 1,
    ints: 0,
    fum: 0,
    saf: 0,
    blk: 0,
    olid: 1635 },
  { gid: 3562,
    pid: 581128,
    off: 'NYG',
    def: 'MIN',
    type: 'PASS',
    dseq: 7,
    len: 8,
    qtr: 2,
    min: 9,
    sec: 41,
    ptso: 3,
    ptsd: 7,
    timo: 3,
    timd: 3,
    dwn: 1,
    ytg: 10,
    yfog: 76,
    zone: 4,
    fd: 1,
    sg: 1,
    nh: 0,
    pts: 7,
    tck: 0,
    sk: 0,
    pen: 0,
    ints: 0,
    fum: 0,
    saf: 0,
    blk: 0,
    olid: 1635 },
  { gid: 3562,
    pid: 581129,
    off: 'NYG',
    def: 'MIN',
    type: 'FGXP',
    dseq: 7,
    len: 3,
    qtr: 2,
    min: 9,
    sec: 33,
    ptso: 10,
    ptsd: 7,
    timo: 3,
    timd: 3,
    dwn: 0,
    ytg: 0,
    yfog: 0,
    zone: 0,
    fd: 0,
    sg: 0,
    nh: 0,
    pts: 0,
    tck: 0,
    sk: 0,
    pen: 0,
    ints: 0,
    fum: 0,
    saf: 0,
    blk: 0,
    olid: 0 },
  { gid: 3562,
    pid: 581130,
    off: 'MIN',
    def: 'NYG',
    type: 'KOFF',
    dseq: 0,
    len: 6,
    qtr: 2,
    min: 9,
    sec: 33,
    ptso: 7,
    ptsd: 10,
    timo: 3,
    timd: 3,
    dwn: 0,
    ytg: 0,
    yfog: 0,
    zone: 0,
    fd: 0,
    sg: 0,
    nh: 0,
    pts: 0,
    tck: 0,
    sk: 0,
    pen: 0,
    ints: 0,
    fum: 0,
    saf: 0,
    blk: 0,
    olid: 0 },
  { gid: 3562,
    pid: 581131,
    off: 'MIN',
    def: 'NYG',
    type: 'RUSH',
    dseq: 1,
    len: 35,
    qtr: 2,
    min: 9,
    sec: 33,
    ptso: 7,
    ptsd: 10,
    timo: 3,
    timd: 3,
    dwn: 1,
    ytg: 10,
    yfog: 20,
    zone: 1,
    fd: 0,
    sg: 0,
    nh: 0,
    pts: 0,
    tck: 1,
    sk: 0,
    pen: 0,
    ints: 0,
    fum: 0,
    saf: 0,
    blk: 0,
    olid: 1447 },
  { gid: 3562,
    pid: 581132,
    off: 'MIN',
    def: 'NYG',
    type: 'PASS',
    dseq: 2,
    len: 7,
    qtr: 2,
    min: 9,
    sec: 8,
    ptso: 7,
    ptsd: 10,
    timo: 3,
    timd: 3,
    dwn: 2,
    ytg: 10,
    yfog: 20,
    zone: 1,
    fd: 0,
    sg: 0,
    nh: 0,
    pts: 0,
    tck: 0,
    sk: 0,
    pen: 0,
    ints: 0,
    fum: 0,
    saf: 0,
    blk: 0,
    olid: 1447 },
  { gid: 3562,
    pid: 581133,
    off: 'MIN',
    def: 'NYG',
    type: 'PASS',
    dseq: 3,
    len: 26,
    qtr: 2,
    min: 9,
    sec: 1,
    ptso: 7,
    ptsd: 10,
    timo: 3,
    timd: 3,
    dwn: 3,
    ytg: 10,
    yfog: 20,
    zone: 1,
    fd: 1,
    sg: 1,
    nh: 0,
    pts: 0,
    tck: 1,
    sk: 0,
    pen: 0,
    ints: 0,
    fum: 0,
    saf: 0,
    blk: 0,
    olid: 1447 },
  { gid: 3562,
    pid: 581134,
    off: 'MIN',
    def: 'NYG',
    type: 'PASS',
    dseq: 4,
    len: 40,
    qtr: 2,
    min: 8,
    sec: 35,
    ptso: 7,
    ptsd: 10,
    timo: 3,
    timd: 3,
    dwn: 1,
    ytg: 10,
    yfog: 42,
    zone: 3,
    fd: 1,
    sg: 0,
    nh: 0,
    pts: 0,
    tck: 1,
    sk: 0,
    pen: 0,
    ints: 0,
    fum: 0,
    saf: 0,
    blk: 0,
    olid: 1447 },
  { gid: 3562,
    pid: 581135,
    off: 'MIN',
    def: 'NYG',
    type: 'RUSH',
    dseq: 5,
    len: 40,
    qtr: 2,
    min: 7,
    sec: 55,
    ptso: 7,
    ptsd: 10,
    timo: 3,
    timd: 3,
    dwn: 1,
    ytg: 10,
    yfog: 63,
    zone: 4,
    fd: 0,
    sg: 0,
    nh: 0,
    pts: 0,
    tck: 1,
    sk: 0,
    pen: 0,
    ints: 0,
    fum: 0,
    saf: 0,
    blk: 0,
    olid: 1447 },
  { gid: 3562,
    pid: 581136,
    off: 'MIN',
    def: 'NYG',
    type: 'RUSH',
    dseq: 6,
    len: 36,
    qtr: 2,
    min: 7,
    sec: 15,
    ptso: 7,
    ptsd: 10,
    timo: 3,
    timd: 3,
    dwn: 2,
    ytg: 7,
    yfog: 66,
    zone: 4,
    fd: 0,
    sg: 0,
    nh: 0,
    pts: 0,
    tck: 1,
    sk: 0,
    pen: 0,
    ints: 0,
    fum: 0,
    saf: 0,
    blk: 0,
    olid: 1447 },
  { gid: 3562,
    pid: 581137,
    off: 'MIN',
    def: 'NYG',
    type: 'PASS',
    dseq: 7,
    len: 8,
    qtr: 2,
    min: 6,
    sec: 39,
    ptso: 7,
    ptsd: 10,
    timo: 3,
    timd: 3,
    dwn: 3,
    ytg: 8,
    yfog: 65,
    zone: 4,
    fd: 0,
    sg: 1,
    nh: 0,
    pts: 0,
    tck: 0,
    sk: 0,
    pen: 0,
    ints: 0,
    fum: 0,
    saf: 0,
    blk: 0,
    olid: 1447 },
  { gid: 3562,
    pid: 581138,
    off: 'MIN',
    def: 'NYG',
    type: 'FGXP',
    dseq: 8,
    len: 6,
    qtr: 2,
    min: 6,
    sec: 31,
    ptso: 7,
    ptsd: 10,
    timo: 3,
    timd: 3,
    dwn: 4,
    ytg: 8,
    yfog: 65,
    zone: 4,
    fd: 0,
    sg: 0,
    nh: 0,
    pts: 0,
    tck: 0,
    sk: 0,
    pen: 0,
    ints: 0,
    fum: 0,
    saf: 0,
    blk: 0,
    olid: 0 },
  { gid: 3562,
    pid: 581139,
    off: 'NYG',
    def: 'MIN',
    type: 'PASS',
    dseq: 1,
    len: 4,
    qtr: 2,
    min: 6,
    sec: 25,
    ptso: 10,
    ptsd: 7,
    timo: 3,
    timd: 3,
    dwn: 1,
    ytg: 10,
    yfog: 44,
    zone: 3,
    fd: 0,
    sg: 1,
    nh: 0,
    pts: 0,
    tck: 0,
    sk: 0,
    pen: 0,
    ints: 0,
    fum: 0,
    saf: 0,
    blk: 0,
    olid: 1635 },
  { gid: 3562,
    pid: 581140,
    off: 'NYG',
    def: 'MIN',
    type: 'RUSH',
    dseq: 2,
    len: 37,
    qtr: 2,
    min: 6,
    sec: 21,
    ptso: 10,
    ptsd: 7,
    timo: 3,
    timd: 3,
    dwn: 2,
    ytg: 10,
    yfog: 44,
    zone: 3,
    fd: 0,
    sg: 1,
    nh: 0,
    pts: 0,
    tck: 1,
    sk: 0,
    pen: 0,
    ints: 0,
    fum: 0,
    saf: 0,
    blk: 0,
    olid: 1635 },
  { gid: 3562,
    pid: 581141,
    off: 'NYG',
    def: 'MIN',
    type: 'PASS',
    dseq: 3,
    len: 8,
    qtr: 2,
    min: 5,
    sec: 44,
    ptso: 10,
    ptsd: 7,
    timo: 3,
    timd: 3,
    dwn: 3,
    ytg: 10,
    yfog: 44,
    zone: 3,
    fd: 0,
    sg: 1,
    nh: 0,
    pts: 0,
    tck: 0,
    sk: 0,
    pen: 0,
    ints: 0,
    fum: 0,
    saf: 0,
    blk: 0,
    olid: 1635 },
  { gid: 3562,
    pid: 581142,
    off: 'MIN',
    def: 'NYG',
    type: 'PUNT',
    dseq: 0,
    len: 9,
    qtr: 2,
    min: 5,
    sec: 36,
    ptso: 7,
    ptsd: 10,
    timo: 3,
    timd: 3,
    dwn: 4,
    ytg: 10,
    yfog: 44,
    zone: 3,
    fd: 0,
    sg: 0,
    nh: 0,
    pts: 0,
    tck: 0,
    sk: 0,
    pen: 0,
    ints: 0,
    fum: 0,
    saf: 0,
    blk: 0,
    olid: 0 },
  { gid: 3562,
    pid: 581143,
    off: 'MIN',
    def: 'NYG',
    type: 'PASS',
    dseq: 1,
    len: 6,
    qtr: 2,
    min: 5,
    sec: 27,
    ptso: 7,
    ptsd: 10,
    timo: 3,
    timd: 3,
    dwn: 1,
    ytg: 10,
    yfog: 20,
    zone: 1,
    fd: 0,
    sg: 0,
    nh: 0,
    pts: 0,
    tck: 0,
    sk: 0,
    pen: 0,
    ints: 0,
    fum: 0,
    saf: 0,
    blk: 0,
    olid: 1447 },
  { gid: 3562,
    pid: 581144,
    off: 'MIN',
    def: 'NYG',
    type: 'RUSH',
    dseq: 2,
    len: 36,
    qtr: 2,
    min: 5,
    sec: 21,
    ptso: 7,
    ptsd: 10,
    timo: 3,
    timd: 3,
    dwn: 2,
    ytg: 10,
    yfog: 20,
    zone: 1,
    fd: 0,
    sg: 0,
    nh: 0,
    pts: 0,
    tck: 1,
    sk: 0,
    pen: 0,
    ints: 0,
    fum: 0,
    saf: 0,
    blk: 0,
    olid: 1447 },
  { gid: 3562,
    pid: 581145,
    off: 'MIN',
    def: 'NYG',
    type: 'PASS',
    dseq: 3,
    len: 45,
    qtr: 2,
    min: 4,
    sec: 45,
    ptso: 7,
    ptsd: 10,
    timo: 3,
    timd: 3,
    dwn: 3,
    ytg: 9,
    yfog: 21,
    zone: 2,
    fd: 0,
    sg: 1,
    nh: 0,
    pts: 0,
    tck: 1,
    sk: 0,
    pen: 0,
    ints: 0,
    fum: 0,
    saf: 0,
    blk: 0,
    olid: 1447 },
  { gid: 3562,
    pid: 581146,
    off: 'NYG',
    def: 'MIN',
    type: 'PUNT',
    dseq: 0,
    len: 11,
    qtr: 2,
    min: 4,
    sec: 0,
    ptso: 10,
    ptsd: 7,
    timo: 3,
    timd: 3,
    dwn: 4,
    ytg: 1,
    yfog: 29,
    zone: 2,
    fd: 0,
    sg: 0,
    nh: 0,
    pts: 0,
    tck: 0,
    sk: 0,
    pen: 0,
    ints: 0,
    fum: 0,
    saf: 0,
    blk: 0,
    olid: 0 },
  { gid: 3562,
    pid: 581147,
    off: 'NYG',
    def: 'MIN',
    type: 'PASS',
    dseq: 1,
    len: 36,
    qtr: 2,
    min: 3,
    sec: 49,
    ptso: 10,
    ptsd: 7,
    timo: 3,
    timd: 3,
    dwn: 1,
    ytg: 10,
    yfog: 31,
    zone: 2,
    fd: 1,
    sg: 0,
    nh: 0,
    pts: 0,
    tck: 1,
    sk: 0,
    pen: 0,
    ints: 0,
    fum: 0,
    saf: 0,
    blk: 0,
    olid: 1635 },
  { gid: 3562,
    pid: 581148,
    off: 'NYG',
    def: 'MIN',
    type: 'RUSH',
    dseq: 2,
    len: 35,
    qtr: 2,
    min: 3,
    sec: 13,
    ptso: 10,
    ptsd: 7,
    timo: 3,
    timd: 3,
    dwn: 1,
    ytg: 10,
    yfog: 43,
    zone: 3,
    fd: 0,
    sg: 0,
    nh: 0,
    pts: 0,
    tck: 1,
    sk: 0,
    pen: 0,
    ints: 0,
    fum: 0,
    saf: 0,
    blk: 0,
    olid: 1635 },
  { gid: 3562,
    pid: 581149,
    off: 'NYG',
    def: 'MIN',
    type: 'PASS',
    dseq: 3,
    len: 13,
    qtr: 2,
    min: 2,
    sec: 38,
    ptso: 10,
    ptsd: 7,
    timo: 3,
    timd: 3,
    dwn: 2,
    ytg: 8,
    yfog: 45,
    zone: 3,
    fd: 0,
    sg: 0,
    nh: 0,
    pts: 0,
    tck: 0,
    sk: 0,
    pen: 0,
    ints: 0,
    fum: 0,
    saf: 0,
    blk: 0,
    olid: 1635 },
  { gid: 3562,
    pid: 581150,
    off: 'NYG',
    def: 'MIN',
    type: 'PASS',
    dseq: 4,
    len: 13,
    qtr: 2,
    min: 2,
    sec: 25,
    ptso: 10,
    ptsd: 7,
    timo: 3,
    timd: 3,
    dwn: 3,
    ytg: 8,
    yfog: 45,
    zone: 3,
    fd: 0,
    sg: 1,
    nh: 0,
    pts: 0,
    tck: 1,
    sk: 0,
    pen: 0,
    ints: 0,
    fum: 0,
    saf: 0,
    blk: 0,
    olid: 1635 },
  { gid: 3562,
    pid: 581151,
    off: 'MIN',
    def: 'NYG',
    type: 'PUNT',
    dseq: 0,
    len: 12,
    qtr: 2,
    min: 2,
    sec: 12,
    ptso: 7,
    ptsd: 10,
    timo: 2,
    timd: 3,
    dwn: 4,
    ytg: 6,
    yfog: 47,
    zone: 3,
    fd: 0,
    sg: 0,
    nh: 0,
    pts: 0,
    tck: 0,
    sk: 0,
    pen: 0,
    ints: 0,
    fum: 0,
    saf: 0,
    blk: 0,
    olid: 0 },
  { gid: 3562,
    pid: 581152,
    off: 'MIN',
    def: 'NYG',
    type: 'RUSH',
    dseq: 1,
    len: 8,
    qtr: 2,
    min: 2,
    sec: 0,
    ptso: 7,
    ptsd: 10,
    timo: 2,
    timd: 3,
    dwn: 1,
    ytg: 10,
    yfog: 19,
    zone: 1,
    fd: 0,
    sg: 0,
    nh: 0,
    pts: 0,
    tck: 1,
    sk: 0,
    pen: 0,
    ints: 0,
    fum: 0,
    saf: 0,
    blk: 0,
    olid: 1447 },
  { gid: 3562,
    pid: 581153,
    off: 'MIN',
    def: 'NYG',
    type: 'NOPL',
    dseq: 1,
    len: 4,
    qtr: 2,
    min: 1,
    sec: 52,
    ptso: 7,
    ptsd: 10,
    timo: 2,
    timd: 2,
    dwn: 2,
    ytg: 9,
    yfog: 20,
    zone: 1,
    fd: 1,
    sg: 0,
    nh: 0,
    pts: 0,
    tck: 0,
    sk: 0,
    pen: 1,
    ints: 0,
    fum: 0,
    saf: 0,
    blk: 0,
    olid: 1447 },
  { gid: 3562,
    pid: 581154,
    off: 'MIN',
    def: 'NYG',
    type: 'PASS',
    dseq: 2,
    len: 5,
    qtr: 2,
    min: 1,
    sec: 48,
    ptso: 7,
    ptsd: 10,
    timo: 2,
    timd: 2,
    dwn: 1,
    ytg: 10,
    yfog: 35,
    zone: 2,
    fd: 0,
    sg: 1,
    nh: 0,
    pts: 0,
    tck: 1,
    sk: 0,
    pen: 0,
    ints: 0,
    fum: 0,
    saf: 0,
    blk: 0,
    olid: 1447 },
  { gid: 3562,
    pid: 581155,
    off: 'MIN',
    def: 'NYG',
    type: 'PASS',
    dseq: 3,
    len: 7,
    qtr: 2,
    min: 1,
    sec: 43,
    ptso: 7,
    ptsd: 10,
    timo: 2,
    timd: 1,
    dwn: 2,
    ytg: 11,
    yfog: 34,
    zone: 2,
    fd: 0,
    sg: 1,
    nh: 0,
    pts: 0,
    tck: 1,
    sk: 0,
    pen: 0,
    ints: 0,
    fum: 0,
    saf: 0,
    blk: 0,
    olid: 1447 },
  { gid: 3562,
    pid: 581156,
    off: 'MIN',
    def: 'NYG',
    type: 'PASS',
    dseq: 4,
    len: 5,
    qtr: 2,
    min: 1,
    sec: 36,
    ptso: 7,
    ptsd: 10,
    timo: 2,
    timd: 1,
    dwn: 3,
    ytg: 3,
    yfog: 42,
    zone: 3,
    fd: 0,
    sg: 1,
    nh: 0,
    pts: 0,
    tck: 0,
    sk: 0,
    pen: 0,
    ints: 0,
    fum: 0,
    saf: 0,
    blk: 0,
    olid: 1447 },
  { gid: 3562,
    pid: 581157,
    off: 'NYG',
    def: 'MIN',
    type: 'PUNT',
    dseq: 0,
    len: 10,
    qtr: 2,
    min: 1,
    sec: 31,
    ptso: 10,
    ptsd: 7,
    timo: 1,
    timd: 2,
    dwn: 4,
    ytg: 3,
    yfog: 42,
    zone: 3,
    fd: 0,
    sg: 0,
    nh: 0,
    pts: 0,
    tck: 0,
    sk: 0,
    pen: 0,
    ints: 0,
    fum: 0,
    saf: 0,
    blk: 0,
    olid: 0 },
  { gid: 3562,
    pid: 581158,
    off: 'NYG',
    def: 'MIN',
    type: 'PASS',
    dseq: 1,
    len: 21,
    qtr: 2,
    min: 1,
    sec: 21,
    ptso: 10,
    ptsd: 7,
    timo: 1,
    timd: 2,
    dwn: 1,
    ytg: 10,
    yfog: 7,
    zone: 1,
    fd: 0,
    sg: 1,
    nh: 0,
    pts: 0,
    tck: 1,
    sk: 0,
    pen: 0,
    ints: 0,
    fum: 0,
    saf: 0,
    blk: 0,
    olid: 1635 },
  { gid: 3562,
    pid: 581159,
    off: 'NYG',
    def: 'MIN',
    type: 'PASS',
    dseq: 2,
    len: 10,
    qtr: 2,
    min: 1,
    sec: 0,
    ptso: 10,
    ptsd: 7,
    timo: 1,
    timd: 2,
    dwn: 2,
    ytg: 4,
    yfog: 13,
    zone: 1,
    fd: 0,
    sg: 1,
    nh: 1,
    pts: 0,
    tck: 0,
    sk: 1,
    pen: 0,
    ints: 0,
    fum: 0,
    saf: 0,
    blk: 0,
    olid: 1635 },
  { gid: 3562,
    pid: 581160,
    off: 'NYG',
    def: 'MIN',
    type: 'RUSH',
    dseq: 3,
    len: 6,
    qtr: 2,
    min: 0,
    sec: 50,
    ptso: 10,
    ptsd: 7,
    timo: 1,
    timd: 1,
    dwn: 3,
    ytg: 11,
    yfog: 6,
    zone: 1,
    fd: 0,
    sg: 1,
    nh: 0,
    pts: 0,
    tck: 1,
    sk: 0,
    pen: 0,
    ints: 0,
    fum: 0,
    saf: 0,
    blk: 0,
    olid: 1635 },
  { gid: 3562,
    pid: 581161,
    off: 'MIN',
    def: 'NYG',
    type: 'PUNT',
    dseq: 0,
    len: 9,
    qtr: 2,
    min: 0,
    sec: 44,
    ptso: 7,
    ptsd: 10,
    timo: 0,
    timd: 1,
    dwn: 4,
    ytg: 3,
    yfog: 14,
    zone: 1,
    fd: 0,
    sg: 0,
    nh: 0,
    pts: 0,
    tck: 0,
    sk: 0,
    pen: 0,
    ints: 0,
    fum: 0,
    saf: 0,
    blk: 0,
    olid: 0 },
  { gid: 3562,
    pid: 581162,
    off: 'MIN',
    def: 'NYG',
    type: 'PASS',
    dseq: 1,
    len: 5,
    qtr: 2,
    min: 0,
    sec: 35,
    ptso: 7,
    ptsd: 10,
    timo: 0,
    timd: 1,
    dwn: 1,
    ytg: 10,
    yfog: 30,
    zone: 2,
    fd: 0,
    sg: 1,
    nh: 0,
    pts: 0,
    tck: 0,
    sk: 0,
    pen: 0,
    ints: 0,
    fum: 0,
    saf: 0,
    blk: 0,
    olid: 1447 },
  { gid: 3562,
    pid: 581163,
    off: 'MIN',
    def: 'NYG',
    type: 'RUSH',
    dseq: 2,
    len: 25,
    qtr: 2,
    min: 0,
    sec: 30,
    ptso: 7,
    ptsd: 10,
    timo: 0,
    timd: 1,
    dwn: 2,
    ytg: 10,
    yfog: 30,
    zone: 2,
    fd: 0,
    sg: 1,
    nh: 0,
    pts: 0,
    tck: 1,
    sk: 0,
    pen: 0,
    ints: 0,
    fum: 0,
    saf: 0,
    blk: 0,
    olid: 1447 },
  { gid: 3562,
    pid: 581164,
    off: 'MIN',
    def: 'NYG',
    type: 'KOFF',
    dseq: 0,
    len: 6,
    qtr: 3,
    min: 15,
    sec: 0,
    ptso: 7,
    ptsd: 10,
    timo: 3,
    timd: 3,
    dwn: 0,
    ytg: 0,
    yfog: 0,
    zone: 0,
    fd: 0,
    sg: 0,
    nh: 0,
    pts: 0,
    tck: 0,
    sk: 0,
    pen: 0,
    ints: 0,
    fum: 0,
    saf: 0,
    blk: 0,
    olid: 0 },
  { gid: 3562,
    pid: 581165,
    off: 'MIN',
    def: 'NYG',
    type: 'PASS',
    dseq: 1,
    len: 10,
    qtr: 3,
    min: 15,
    sec: 0,
    ptso: 7,
    ptsd: 10,
    timo: 3,
    timd: 3,
    dwn: 1,
    ytg: 10,
    yfog: 20,
    zone: 1,
    fd: 0,
    sg: 0,
    nh: 0,
    pts: 0,
    tck: 0,
    sk: 0,
    pen: 0,
    ints: 0,
    fum: 0,
    saf: 0,
    blk: 0,
    olid: 1447 },
  { gid: 3562,
    pid: 581166,
    off: 'MIN',
    def: 'NYG',
    type: 'NOPL',
    dseq: 1,
    len: 20,
    qtr: 3,
    min: 14,
    sec: 57,
    ptso: 7,
    ptsd: 10,
    timo: 3,
    timd: 3,
    dwn: 2,
    ytg: 10,
    yfog: 20,
    zone: 1,
    fd: 0,
    sg: 0,
    nh: 0,
    pts: 0,
    tck: 0,
    sk: 0,
    pen: 1,
    ints: 0,
    fum: 0,
    saf: 0,
    blk: 0,
    olid: 1447 },
  { gid: 3562,
    pid: 581167,
    off: 'MIN',
    def: 'NYG',
    type: 'PASS',
    dseq: 2,
    len: 30,
    qtr: 3,
    min: 14,
    sec: 57,
    ptso: 7,
    ptsd: 10,
    timo: 3,
    timd: 3,
    dwn: 2,
    ytg: 15,
    yfog: 15,
    zone: 1,
    fd: 0,
    sg: 0,
    nh: 0,
    pts: 0,
    tck: 1,
    sk: 0,
    pen: 0,
    ints: 0,
    fum: 0,
    saf: 0,
    blk: 0,
    olid: 1447 },
  { gid: 3562,
    pid: 581168,
    off: 'MIN',
    def: 'NYG',
    type: 'PASS',
    dseq: 3,
    len: 11,
    qtr: 3,
    min: 14,
    sec: 26,
    ptso: 7,
    ptsd: 10,
    timo: 3,
    timd: 3,
    dwn: 3,
    ytg: 2,
    yfog: 28,
    zone: 2,
    fd: 0,
    sg: 1,
    nh: 0,
    pts: 0,
    tck: 0,
    sk: 0,
    pen: 0,
    ints: 0,
    fum: 0,
    saf: 0,
    blk: 0,
    olid: 1447 },
  { gid: 3562,
    pid: 581169,
    off: 'NYG',
    def: 'MIN',
    type: 'PUNT',
    dseq: 0,
    len: 14,
    qtr: 3,
    min: 14,
    sec: 15,
    ptso: 10,
    ptsd: 7,
    timo: 3,
    timd: 3,
    dwn: 4,
    ytg: 2,
    yfog: 28,
    zone: 2,
    fd: 1,
    sg: 0,
    nh: 0,
    pts: 0,
    tck: 0,
    sk: 0,
    pen: 0,
    ints: 0,
    fum: 1,
    saf: 0,
    blk: 0,
    olid: 0 },
  { gid: 3562,
    pid: 581170,
    off: 'MIN',
    def: 'NYG',
    type: 'RUSH',
    dseq: 1,
    len: 31,
    qtr: 3,
    min: 14,
    sec: 1,
    ptso: 7,
    ptsd: 10,
    timo: 3,
    timd: 3,
    dwn: 1,
    ytg: 10,
    yfog: 69,
    zone: 4,
    fd: 0,
    sg: 0,
    nh: 0,
    pts: 0,
    tck: 1,
    sk: 0,
    pen: 0,
    ints: 0,
    fum: 0,
    saf: 0,
    blk: 0,
    olid: 1447 },
  { gid: 3562,
    pid: 581171,
    off: 'MIN',
    def: 'NYG',
    type: 'PASS',
    dseq: 2,
    len: 21,
    qtr: 3,
    min: 13,
    sec: 30,
    ptso: 7,
    ptsd: 10,
    timo: 3,
    timd: 3,
    dwn: 2,
    ytg: 2,
    yfog: 77,
    zone: 4,
    fd: 0,
    sg: 0,
    nh: 0,
    pts: 0,
    tck: 0,
    sk: 0,
    pen: 0,
    ints: 1,
    fum: 0,
    saf: 0,
    blk: 0,
    olid: 1447 },
  { gid: 3562,
    pid: 581172,
    off: 'NYG',
    def: 'MIN',
    type: 'PASS',
    dseq: 1,
    len: 3,
    qtr: 3,
    min: 13,
    sec: 9,
    ptso: 10,
    ptsd: 7,
    timo: 3,
    timd: 3,
    dwn: 1,
    ytg: 10,
    yfog: 30,
    zone: 2,
    fd: 0,
    sg: 0,
    nh: 0,
    pts: 0,
    tck: 0,
    sk: 0,
    pen: 0,
    ints: 0,
    fum: 0,
    saf: 0,
    blk: 0,
    olid: 1635 },
  { gid: 3562,
    pid: 581173,
    off: 'NYG',
    def: 'MIN',
    type: 'RUSH',
    dseq: 2,
    len: 35,
    qtr: 3,
    min: 13,
    sec: 6,
    ptso: 10,
    ptsd: 7,
    timo: 3,
    timd: 3,
    dwn: 2,
    ytg: 10,
    yfog: 30,
    zone: 2,
    fd: 0,
    sg: 0,
    nh: 0,
    pts: 0,
    tck: 1,
    sk: 0,
    pen: 0,
    ints: 0,
    fum: 0,
    saf: 0,
    blk: 0,
    olid: 1635 },
  { gid: 3562,
    pid: 581174,
    off: 'NYG',
    def: 'MIN',
    type: 'PASS',
    dseq: 3,
    len: 43,
    qtr: 3,
    min: 12,
    sec: 31,
    ptso: 10,
    ptsd: 7,
    timo: 3,
    timd: 3,
    dwn: 3,
    ytg: 15,
    yfog: 25,
    zone: 2,
    fd: 0,
    sg: 1,
    nh: 0,
    pts: 0,
    tck: 1,
    sk: 0,
    pen: 0,
    ints: 0,
    fum: 0,
    saf: 0,
    blk: 0,
    olid: 1635 },
  { gid: 3562,
    pid: 581175,
    off: 'MIN',
    def: 'NYG',
    type: 'PUNT',
    dseq: 0,
    len: 14,
    qtr: 3,
    min: 11,
    sec: 48,
    ptso: 7,
    ptsd: 10,
    timo: 3,
    timd: 3,
    dwn: 4,
    ytg: 8,
    yfog: 32,
    zone: 2,
    fd: 0,
    sg: 0,
    nh: 0,
    pts: 0,
    tck: 0,
    sk: 0,
    pen: 0,
    ints: 0,
    fum: 0,
    saf: 0,
    blk: 0,
    olid: 0 },
  { gid: 3562,
    pid: 581176,
    off: 'MIN',
    def: 'NYG',
    type: 'RUSH',
    dseq: 1,
    len: 32,
    qtr: 3,
    min: 11,
    sec: 34,
    ptso: 7,
    ptsd: 10,
    timo: 3,
    timd: 3,
    dwn: 1,
    ytg: 10,
    yfog: 26,
    zone: 2,
    fd: 0,
    sg: 0,
    nh: 0,
    pts: 0,
    tck: 1,
    sk: 0,
    pen: 0,
    ints: 0,
    fum: 0,
    saf: 0,
    blk: 0,
    olid: 1447 },
  { gid: 3562,
    pid: 581177,
    off: 'MIN',
    def: 'NYG',
    type: 'PASS',
    dseq: 2,
    len: 13,
    qtr: 3,
    min: 11,
    sec: 2,
    ptso: 7,
    ptsd: 10,
    timo: 3,
    timd: 3,
    dwn: 2,
    ytg: 8,
    yfog: 28,
    zone: 2,
    fd: 0,
    sg: 0,
    nh: 0,
    pts: 0,
    tck: 0,
    sk: 0,
    pen: 0,
    ints: 0,
    fum: 0,
    saf: 0,
    blk: 0,
    olid: 1447 },
  { gid: 3562,
    pid: 581178,
    off: 'MIN',
    def: 'NYG',
    type: 'PASS',
    dseq: 3,
    len: 5,
    qtr: 3,
    min: 10,
    sec: 49,
    ptso: 7,
    ptsd: 10,
    timo: 3,
    timd: 3,
    dwn: 3,
    ytg: 8,
    yfog: 28,
    zone: 2,
    fd: 0,
    sg: 1,
    nh: 0,
    pts: 0,
    tck: 0,
    sk: 0,
    pen: 0,
    ints: 0,
    fum: 0,
    saf: 0,
    blk: 0,
    olid: 1447 },
  { gid: 3562,
    pid: 581179,
    off: 'NYG',
    def: 'MIN',
    type: 'PUNT',
    dseq: 0,
    len: 12,
    qtr: 3,
    min: 10,
    sec: 44,
    ptso: 10,
    ptsd: 7,
    timo: 3,
    timd: 3,
    dwn: 4,
    ytg: 8,
    yfog: 28,
    zone: 2,
    fd: 0,
    sg: 0,
    nh: 0,
    pts: 0,
    tck: 0,
    sk: 0,
    pen: 0,
    ints: 0,
    fum: 0,
    saf: 0,
    blk: 0,
    olid: 0 },
  { gid: 3562,
    pid: 581180,
    off: 'NYG',
    def: 'MIN',
    type: 'PASS',
    dseq: 1,
    len: 5,
    qtr: 3,
    min: 10,
    sec: 32,
    ptso: 10,
    ptsd: 7,
    timo: 3,
    timd: 3,
    dwn: 1,
    ytg: 10,
    yfog: 33,
    zone: 2,
    fd: 0,
    sg: 0,
    nh: 0,
    pts: 0,
    tck: 0,
    sk: 0,
    pen: 0,
    ints: 0,
    fum: 0,
    saf: 0,
    blk: 0,
    olid: 1635 },
  { gid: 3562,
    pid: 581181,
    off: 'NYG',
    def: 'MIN',
    type: 'PASS',
    dseq: 2,
    len: 45,
    qtr: 3,
    min: 10,
    sec: 27,
    ptso: 10,
    ptsd: 7,
    timo: 3,
    timd: 3,
    dwn: 2,
    ytg: 10,
    yfog: 33,
    zone: 2,
    fd: 0,
    sg: 0,
    nh: 0,
    pts: 0,
    tck: 1,
    sk: 0,
    pen: 0,
    ints: 0,
    fum: 0,
    saf: 0,
    blk: 0,
    olid: 1635 },
  { gid: 3562,
    pid: 581182,
    off: 'NYG',
    def: 'MIN',
    type: 'PASS',
    dseq: 3,
    len: 9,
    qtr: 3,
    min: 9,
    sec: 42,
    ptso: 10,
    ptsd: 7,
    timo: 3,
    timd: 3,
    dwn: 3,
    ytg: 10,
    yfog: 33,
    zone: 2,
    fd: 0,
    sg: 1,
    nh: 0,
    pts: 0,
    tck: 0,
    sk: 0,
    pen: 0,
    ints: 0,
    fum: 0,
    saf: 0,
    blk: 0,
    olid: 1635 },
  { gid: 3562,
    pid: 581183,
    off: 'MIN',
    def: 'NYG',
    type: 'PUNT',
    dseq: 0,
    len: 15,
    qtr: 3,
    min: 9,
    sec: 33,
    ptso: 7,
    ptsd: 10,
    timo: 3,
    timd: 3,
    dwn: 4,
    ytg: 10,
    yfog: 33,
    zone: 2,
    fd: 1,
    sg: 0,
    nh: 0,
    pts: 0,
    tck: 0,
    sk: 0,
    pen: 0,
    ints: 0,
    fum: 1,
    saf: 0,
    blk: 0,
    olid: 0 },
  { gid: 3562,
    pid: 581184,
    off: 'NYG',
    def: 'MIN',
    type: 'RUSH',
    dseq: 1,
    len: 33,
    qtr: 3,
    min: 9,
    sec: 18,
    ptso: 10,
    ptsd: 7,
    timo: 3,
    timd: 3,
    dwn: 1,
    ytg: 3,
    yfog: 97,
    zone: 5,
    fd: 0,
    sg: 0,
    nh: 0,
    pts: 0,
    tck: 1,
    sk: 0,
    pen: 0,
    ints: 0,
    fum: 0,
    saf: 0,
    blk: 0,
    olid: 1635 },
  { gid: 3562,
    pid: 581185,
    off: 'NYG',
    def: 'MIN',
    type: 'RUSH',
    dseq: 2,
    len: 8,
    qtr: 3,
    min: 8,
    sec: 45,
    ptso: 10,
    ptsd: 7,
    timo: 3,
    timd: 3,
    dwn: 2,
    ytg: 1,
    yfog: 99,
    zone: 5,
    fd: 1,
    sg: 0,
    nh: 0,
    pts: 7,
    tck: 0,
    sk: 0,
    pen: 0,
    ints: 0,
    fum: 0,
    saf: 0,
    blk: 0,
    olid: 1635 },
  { gid: 3562,
    pid: 581186,
    off: 'NYG',
    def: 'MIN',
    type: 'FGXP',
    dseq: 2,
    len: 3,
    qtr: 3,
    min: 8,
    sec: 37,
    ptso: 17,
    ptsd: 7,
    timo: 3,
    timd: 3,
    dwn: 0,
    ytg: 0,
    yfog: 0,
    zone: 0,
    fd: 0,
    sg: 0,
    nh: 0,
    pts: 0,
    tck: 0,
    sk: 0,
    pen: 0,
    ints: 0,
    fum: 0,
    saf: 0,
    blk: 0,
    olid: 0 },
  { gid: 3562,
    pid: 581187,
    off: 'MIN',
    def: 'NYG',
    type: 'KOFF',
    dseq: 0,
    len: 6,
    qtr: 3,
    min: 8,
    sec: 37,
    ptso: 7,
    ptsd: 17,
    timo: 3,
    timd: 3,
    dwn: 0,
    ytg: 0,
    yfog: 0,
    zone: 0,
    fd: 0,
    sg: 0,
    nh: 0,
    pts: 0,
    tck: 0,
    sk: 0,
    pen: 0,
    ints: 0,
    fum: 0,
    saf: 0,
    blk: 0,
    olid: 0 },
  { gid: 3562,
    pid: 581188,
    off: 'MIN',
    def: 'NYG',
    type: 'PASS',
    dseq: 1,
    len: 7,
    qtr: 3,
    min: 8,
    sec: 26,
    ptso: 7,
    ptsd: 17,
    timo: 3,
    timd: 3,
    dwn: 1,
    ytg: 10,
    yfog: 60,
    zone: 4,
    fd: 0,
    sg: 0,
    nh: 0,
    pts: 0,
    tck: 0,
    sk: 0,
    pen: 0,
    ints: 0,
    fum: 0,
    saf: 0,
    blk: 0,
    olid: 1447 },
  { gid: 3562,
    pid: 581189,
    off: 'MIN',
    def: 'NYG',
    type: 'RUSH',
    dseq: 2,
    len: 36,
    qtr: 3,
    min: 8,
    sec: 19,
    ptso: 7,
    ptsd: 17,
    timo: 3,
    timd: 3,
    dwn: 2,
    ytg: 10,
    yfog: 60,
    zone: 4,
    fd: 0,
    sg: 0,
    nh: 0,
    pts: 0,
    tck: 1,
    sk: 0,
    pen: 0,
    ints: 0,
    fum: 0,
    saf: 0,
    blk: 0,
    olid: 1447 },
  { gid: 3562,
    pid: 581190,
    off: 'MIN',
    def: 'NYG',
    type: 'PASS',
    dseq: 3,
    len: 22,
    qtr: 3,
    min: 7,
    sec: 43,
    ptso: 7,
    ptsd: 17,
    timo: 3,
    timd: 3,
    dwn: 3,
    ytg: 10,
    yfog: 60,
    zone: 4,
    fd: 1,
    sg: 1,
    nh: 0,
    pts: 0,
    tck: 1,
    sk: 0,
    pen: 1,
    ints: 0,
    fum: 0,
    saf: 0,
    blk: 0,
    olid: 1447 },
  { gid: 3562,
    pid: 581191,
    off: 'MIN',
    def: 'NYG',
    type: 'PASS',
    dseq: 4,
    len: 12,
    qtr: 3,
    min: 7,
    sec: 21,
    ptso: 7,
    ptsd: 17,
    timo: 3,
    timd: 3,
    dwn: 1,
    ytg: 10,
    yfog: 72,
    zone: 4,
    fd: 0,
    sg: 0,
    nh: 0,
    pts: 0,
    tck: 0,
    sk: 0,
    pen: 0,
    ints: 0,
    fum: 0,
    saf: 0,
    blk: 0,
    olid: 1447 },
  { gid: 3562,
    pid: 581192,
    off: 'MIN',
    def: 'NYG',
    type: 'RUSH',
    dseq: 5,
    len: 39,
    qtr: 3,
    min: 7,
    sec: 9,
    ptso: 7,
    ptsd: 17,
    timo: 3,
    timd: 3,
    dwn: 2,
    ytg: 10,
    yfog: 72,
    zone: 4,
    fd: 0,
    sg: 0,
    nh: 0,
    pts: 0,
    tck: 1,
    sk: 0,
    pen: 0,
    ints: 0,
    fum: 0,
    saf: 0,
    blk: 0,
    olid: 1447 },
  { gid: 3562,
    pid: 581193,
    off: 'MIN',
    def: 'NYG',
    type: 'PASS',
    dseq: 6,
    len: 35,
    qtr: 3,
    min: 6,
    sec: 30,
    ptso: 7,
    ptsd: 17,
    timo: 3,
    timd: 3,
    dwn: 3,
    ytg: 3,
    yfog: 79,
    zone: 4,
    fd: 0,
    sg: 1,
    nh: 0,
    pts: 0,
    tck: 0,
    sk: 1,
    pen: 0,
    ints: 0,
    fum: 0,
    saf: 0,
    blk: 0,
    olid: 1447 },
  { gid: 3562,
    pid: 581194,
    off: 'NYG',
    def: 'MIN',
    type: 'PUNT',
    dseq: 0,
    len: 11,
    qtr: 3,
    min: 5,
    sec: 55,
    ptso: 17,
    ptsd: 7,
    timo: 3,
    timd: 3,
    dwn: 4,
    ytg: 17,
    yfog: 65,
    zone: 4,
    fd: 0,
    sg: 0,
    nh: 0,
    pts: 0,
    tck: 0,
    sk: 0,
    pen: 0,
    ints: 0,
    fum: 0,
    saf: 0,
    blk: 0,
    olid: 0 },
  { gid: 3562,
    pid: 581195,
    off: 'NYG',
    def: 'MIN',
    type: 'RUSH',
    dseq: 1,
    len: 32,
    qtr: 3,
    min: 5,
    sec: 44,
    ptso: 17,
    ptsd: 7,
    timo: 3,
    timd: 3,
    dwn: 1,
    ytg: 10,
    yfog: 20,
    zone: 1,
    fd: 0,
    sg: 0,
    nh: 0,
    pts: 0,
    tck: 1,
    sk: 0,
    pen: 0,
    ints: 0,
    fum: 0,
    saf: 0,
    blk: 0,
    olid: 1635 },
  { gid: 3562,
    pid: 581196,
    off: 'NYG',
    def: 'MIN',
    type: 'RUSH',
    dseq: 2,
    len: 48,
    qtr: 3,
    min: 5,
    sec: 12,
    ptso: 17,
    ptsd: 7,
    timo: 3,
    timd: 3,
    dwn: 2,
    ytg: 8,
    yfog: 22,
    zone: 2,
    fd: 0,
    sg: 0,
    nh: 0,
    pts: 0,
    tck: 1,
    sk: 0,
    pen: 0,
    ints: 0,
    fum: 1,
    saf: 0,
    blk: 0,
    olid: 1635 },
  { gid: 3562,
    pid: 581197,
    off: 'NYG',
    def: 'MIN',
    type: 'PASS',
    dseq: 3,
    len: 38,
    qtr: 3,
    min: 4,
    sec: 24,
    ptso: 17,
    ptsd: 7,
    timo: 3,
    timd: 3,
    dwn: 3,
    ytg: 10,
    yfog: 20,
    zone: 1,
    fd: 1,
    sg: 1,
    nh: 0,
    pts: 0,
    tck: 1,
    sk: 0,
    pen: 0,
    ints: 0,
    fum: 0,
    saf: 0,
    blk: 0,
    olid: 1635 },
  { gid: 3562,
    pid: 581198,
    off: 'NYG',
    def: 'MIN',
    type: 'PASS',
    dseq: 4,
    len: 48,
    qtr: 3,
    min: 3,
    sec: 46,
    ptso: 17,
    ptsd: 7,
    timo: 3,
    timd: 3,
    dwn: 1,
    ytg: 10,
    yfog: 32,
    zone: 2,
    fd: 1,
    sg: 0,
    nh: 0,
    pts: 0,
    tck: 1,
    sk: 0,
    pen: 0,
    ints: 0,
    fum: 0,
    saf: 0,
    blk: 0,
    olid: 1635 },
  { gid: 3562,
    pid: 581199,
    off: 'NYG',
    def: 'MIN',
    type: 'RUSH',
    dseq: 5,
    len: 43,
    qtr: 3,
    min: 2,
    sec: 58,
    ptso: 17,
    ptsd: 7,
    timo: 3,
    timd: 3,
    dwn: 1,
    ytg: 10,
    yfog: 53,
    zone: 3,
    fd: 0,
    sg: 0,
    nh: 0,
    pts: 0,
    tck: 1,
    sk: 0,
    pen: 0,
    ints: 0,
    fum: 0,
    saf: 0,
    blk: 0,
    olid: 1635 },
  { gid: 3562,
    pid: 581200,
    off: 'NYG',
    def: 'MIN',
    type: 'PASS',
    dseq: 6,
    len: 52,
    qtr: 3,
    min: 2,
    sec: 15,
    ptso: 17,
    ptsd: 7,
    timo: 3,
    timd: 3,
    dwn: 2,
    ytg: 7,
    yfog: 56,
    zone: 3,
    fd: 1,
    sg: 1,
    nh: 0,
    pts: 0,
    tck: 1,
    sk: 0,
    pen: 0,
    ints: 0,
    fum: 0,
    saf: 0,
    blk: 0,
    olid: 1635 },
  { gid: 3562,
    pid: 581201,
    off: 'NYG',
    def: 'MIN',
    type: 'RUSH',
    dseq: 7,
    len: 44,
    qtr: 3,
    min: 1,
    sec: 23,
    ptso: 17,
    ptsd: 7,
    timo: 3,
    timd: 3,
    dwn: 1,
    ytg: 10,
    yfog: 63,
    zone: 4,
    fd: 0,
    sg: 0,
    nh: 0,
    pts: 0,
    tck: 1,
    sk: 0,
    pen: 0,
    ints: 0,
    fum: 0,
    saf: 0,
    blk: 0,
    olid: 1635 },
  { gid: 3562,
    pid: 581202,
    off: 'NYG',
    def: 'MIN',
    type: 'PASS',
    dseq: 8,
    len: 9,
    qtr: 3,
    min: 0,
    sec: 39,
    ptso: 17,
    ptsd: 7,
    timo: 3,
    timd: 3,
    dwn: 2,
    ytg: 12,
    yfog: 61,
    zone: 4,
    fd: 0,
    sg: 1,
    nh: 0,
    pts: 0,
    tck: 0,
    sk: 0,
    pen: 0,
    ints: 0,
    fum: 0,
    saf: 0,
    blk: 0,
    olid: 1635 },
  { gid: 3562,
    pid: 581203,
    off: 'NYG',
    def: 'MIN',
    type: 'PASS',
    dseq: 9,
    len: 30,
    qtr: 3,
    min: 0,
    sec: 30,
    ptso: 17,
    ptsd: 7,
    timo: 3,
    timd: 3,
    dwn: 3,
    ytg: 12,
    yfog: 61,
    zone: 4,
    fd: 1,
    sg: 1,
    nh: 0,
    pts: 0,
    tck: 1,
    sk: 0,
    pen: 0,
    ints: 0,
    fum: 0,
    saf: 0,
    blk: 0,
    olid: 1635 },
  { gid: 3562,
    pid: 581204,
    off: 'NYG',
    def: 'MIN',
    type: 'RUSH',
    dseq: 10,
    len: 37,
    qtr: 4,
    min: 15,
    sec: 0,
    ptso: 17,
    ptsd: 7,
    timo: 3,
    timd: 3,
    dwn: 1,
    ytg: 10,
    yfog: 77,
    zone: 4,
    fd: 0,
    sg: 0,
    nh: 0,
    pts: 0,
    tck: 1,
    sk: 0,
    pen: 0,
    ints: 0,
    fum: 0,
    saf: 0,
    blk: 0,
    olid: 1635 },
  { gid: 3562,
    pid: 581205,
    off: 'NYG',
    def: 'MIN',
    type: 'PASS',
    dseq: 11,
    len: 8,
    qtr: 4,
    min: 14,
    sec: 23,
    ptso: 17,
    ptsd: 7,
    timo: 3,
    timd: 3,
    dwn: 2,
    ytg: 9,
    yfog: 78,
    zone: 4,
    fd: 0,
    sg: 1,
    nh: 0,
    pts: 0,
    tck: 0,
    sk: 0,
    pen: 0,
    ints: 0,
    fum: 0,
    saf: 0,
    blk: 0,
    olid: 1635 },
  { gid: 3562,
    pid: 581206,
    off: 'NYG',
    def: 'MIN',
    type: 'PASS',
    dseq: 12,
    len: 28,
    qtr: 4,
    min: 14,
    sec: 15,
    ptso: 17,
    ptsd: 7,
    timo: 3,
    timd: 3,
    dwn: 3,
    ytg: 9,
    yfog: 78,
    zone: 4,
    fd: 1,
    sg: 1,
    nh: 0,
    pts: 0,
    tck: 1,
    sk: 0,
    pen: 0,
    ints: 0,
    fum: 0,
    saf: 0,
    blk: 0,
    olid: 1635 },
  { gid: 3562,
    pid: 581207,
    off: 'NYG',
    def: 'MIN',
    type: 'PASS',
    dseq: 13,
    len: 12,
    qtr: 4,
    min: 13,
    sec: 47,
    ptso: 17,
    ptsd: 7,
    timo: 3,
    timd: 3,
    dwn: 1,
    ytg: 10,
    yfog: 87,
    zone: 5,
    fd: 0,
    sg: 0,
    nh: 0,
    pts: 0,
    tck: 0,
    sk: 0,
    pen: 0,
    ints: 0,
    fum: 0,
    saf: 0,
    blk: 0,
    olid: 1635 },
  { gid: 3562,
    pid: 581208,
    off: 'NYG',
    def: 'MIN',
    type: 'RUSH',
    dseq: 14,
    len: 39,
    qtr: 4,
    min: 13,
    sec: 35,
    ptso: 17,
    ptsd: 7,
    timo: 3,
    timd: 3,
    dwn: 2,
    ytg: 10,
    yfog: 87,
    zone: 5,
    fd: 0,
    sg: 1,
    nh: 0,
    pts: 0,
    tck: 1,
    sk: 0,
    pen: 0,
    ints: 0,
    fum: 0,
    saf: 0,
    blk: 0,
    olid: 1635 },
  { gid: 3562,
    pid: 581209,
    off: 'NYG',
    def: 'MIN',
    type: 'PASS',
    dseq: 15,
    len: 37,
    qtr: 4,
    min: 12,
    sec: 56,
    ptso: 17,
    ptsd: 7,
    timo: 3,
    timd: 3,
    dwn: 3,
    ytg: 4,
    yfog: 93,
    zone: 5,
    fd: 0,
    sg: 1,
    nh: 0,
    pts: 0,
    tck: 1,
    sk: 0,
    pen: 0,
    ints: 0,
    fum: 0,
    saf: 0,
    blk: 0,
    olid: 1635 },
  { gid: 3562,
    pid: 581210,
    off: 'NYG',
    def: 'MIN',
    type: 'FGXP',
    dseq: 16,
    len: 16,
    qtr: 4,
    min: 12,
    sec: 19,
    ptso: 17,
    ptsd: 7,
    timo: 3,
    timd: 3,
    dwn: 4,
    ytg: 2,
    yfog: 95,
    zone: 5,
    fd: 0,
    sg: 0,
    nh: 0,
    pts: 3,
    tck: 0,
    sk: 0,
    pen: 0,
    ints: 0,
    fum: 0,
    saf: 0,
    blk: 0,
    olid: 0 },
  { gid: 3562,
    pid: 581211,
    off: 'MIN',
    def: 'NYG',
    type: 'KOFF',
    dseq: 0,
    len: 6,
    qtr: 4,
    min: 12,
    sec: 3,
    ptso: 7,
    ptsd: 20,
    timo: 3,
    timd: 3,
    dwn: 0,
    ytg: 0,
    yfog: 0,
    zone: 0,
    fd: 0,
    sg: 0,
    nh: 0,
    pts: 0,
    tck: 0,
    sk: 0,
    pen: 0,
    ints: 0,
    fum: 1,
    saf: 0,
    blk: 0,
    olid: 0 },
  { gid: 3562,
    pid: 581212,
    off: 'NYG',
    def: 'MIN',
    type: 'RUSH',
    dseq: 1,
    len: 35,
    qtr: 4,
    min: 12,
    sec: 3,
    ptso: 20,
    ptsd: 7,
    timo: 3,
    timd: 3,
    dwn: 1,
    ytg: 10,
    yfog: 82,
    zone: 5,
    fd: 0,
    sg: 0,
    nh: 0,
    pts: 0,
    tck: 1,
    sk: 0,
    pen: 0,
    ints: 0,
    fum: 0,
    saf: 0,
    blk: 0,
    olid: 1635 },
  { gid: 3562,
    pid: 581213,
    off: 'NYG',
    def: 'MIN',
    type: 'PASS',
    dseq: 2,
    len: 10,
    qtr: 4,
    min: 11,
    sec: 24,
    ptso: 20,
    ptsd: 7,
    timo: 3,
    timd: 3,
    dwn: 2,
    ytg: 10,
    yfog: 82,
    zone: 5,
    fd: 0,
    sg: 0,
    nh: 0,
    pts: 0,
    tck: 0,
    sk: 0,
    pen: 0,
    ints: 0,
    fum: 0,
    saf: 0,
    blk: 0,
    olid: 1635 },
  { gid: 3562,
    pid: 581214,
    off: 'NYG',
    def: 'MIN',
    type: 'PASS',
    dseq: 3,
    len: 7,
    qtr: 4,
    min: 11,
    sec: 14,
    ptso: 20,
    ptsd: 7,
    timo: 3,
    timd: 3,
    dwn: 3,
    ytg: 10,
    yfog: 82,
    zone: 5,
    fd: 0,
    sg: 1,
    nh: 0,
    pts: 0,
    tck: 0,
    sk: 0,
    pen: 0,
    ints: 0,
    fum: 0,
    saf: 0,
    blk: 0,
    olid: 1635 },
  { gid: 3562,
    pid: 581215,
    off: 'NYG',
    def: 'MIN',
    type: 'FGXP',
    dseq: 4,
    len: 4,
    qtr: 4,
    min: 11,
    sec: 7,
    ptso: 20,
    ptsd: 7,
    timo: 3,
    timd: 3,
    dwn: 4,
    ytg: 10,
    yfog: 82,
    zone: 5,
    fd: 0,
    sg: 0,
    nh: 0,
    pts: 3,
    tck: 0,
    sk: 0,
    pen: 0,
    ints: 0,
    fum: 0,
    saf: 0,
    blk: 0,
    olid: 0 },
  { gid: 3562,
    pid: 581216,
    off: 'MIN',
    def: 'NYG',
    type: 'KOFF',
    dseq: 0,
    len: 6,
    qtr: 4,
    min: 11,
    sec: 3,
    ptso: 7,
    ptsd: 23,
    timo: 3,
    timd: 3,
    dwn: 0,
    ytg: 0,
    yfog: 0,
    zone: 0,
    fd: 0,
    sg: 0,
    nh: 0,
    pts: 0,
    tck: 0,
    sk: 0,
    pen: 0,
    ints: 0,
    fum: 0,
    saf: 0,
    blk: 0,
    olid: 0 },
  { gid: 3562,
    pid: 581217,
    off: 'MIN',
    def: 'NYG',
    type: 'PASS',
    dseq: 1,
    len: 28,
    qtr: 4,
    min: 10,
    sec: 57,
    ptso: 7,
    ptsd: 23,
    timo: 3,
    timd: 3,
    dwn: 1,
    ytg: 10,
    yfog: 37,
    zone: 2,
    fd: 0,
    sg: 0,
    nh: 0,
    pts: 0,
    tck: 1,
    sk: 0,
    pen: 0,
    ints: 0,
    fum: 0,
    saf: 0,
    blk: 0,
    olid: 1447 },
  { gid: 3562,
    pid: 581218,
    off: 'MIN',
    def: 'NYG',
    type: 'PASS',
    dseq: 2,
    len: 7,
    qtr: 4,
    min: 10,
    sec: 29,
    ptso: 7,
    ptsd: 23,
    timo: 3,
    timd: 3,
    dwn: 2,
    ytg: 1,
    yfog: 46,
    zone: 3,
    fd: 0,
    sg: 0,
    nh: 0,
    pts: 0,
    tck: 0,
    sk: 0,
    pen: 0,
    ints: 0,
    fum: 0,
    saf: 0,
    blk: 0,
    olid: 1447 },
  { gid: 3562,
    pid: 581219,
    off: 'MIN',
    def: 'NYG',
    type: 'RUSH',
    dseq: 3,
    len: 29,
    qtr: 4,
    min: 10,
    sec: 22,
    ptso: 7,
    ptsd: 23,
    timo: 3,
    timd: 3,
    dwn: 3,
    ytg: 1,
    yfog: 46,
    zone: 3,
    fd: 1,
    sg: 1,
    nh: 0,
    pts: 0,
    tck: 1,
    sk: 0,
    pen: 0,
    ints: 0,
    fum: 0,
    saf: 0,
    blk: 0,
    olid: 1447 },
  { gid: 3562,
    pid: 581220,
    off: 'MIN',
    def: 'NYG',
    type: 'PASS',
    dseq: 4,
    len: 8,
    qtr: 4,
    min: 9,
    sec: 53,
    ptso: 7,
    ptsd: 23,
    timo: 3,
    timd: 3,
    dwn: 1,
    ytg: 10,
    yfog: 48,
    zone: 3,
    fd: 0,
    sg: 1,
    nh: 0,
    pts: 0,
    tck: 0,
    sk: 0,
    pen: 0,
    ints: 0,
    fum: 0,
    saf: 0,
    blk: 0,
    olid: 1447 },
  { gid: 3562,
    pid: 581221,
    off: 'MIN',
    def: 'NYG',
    type: 'PASS',
    dseq: 5,
    len: 56,
    qtr: 4,
    min: 9,
    sec: 45,
    ptso: 7,
    ptsd: 23,
    timo: 3,
    timd: 3,
    dwn: 2,
    ytg: 10,
    yfog: 48,
    zone: 3,
    fd: 0,
    sg: 0,
    nh: 0,
    pts: 0,
    tck: 1,
    sk: 0,
    pen: 0,
    ints: 0,
    fum: 0,
    saf: 0,
    blk: 0,
    olid: 1447 },
  { gid: 3562,
    pid: 581222,
    off: 'MIN',
    def: 'NYG',
    type: 'PASS',
    dseq: 6,
    len: 33,
    qtr: 4,
    min: 8,
    sec: 49,
    ptso: 7,
    ptsd: 23,
    timo: 3,
    timd: 3,
    dwn: 3,
    ytg: 9,
    yfog: 49,
    zone: 3,
    fd: 1,
    sg: 1,
    nh: 0,
    pts: 0,
    tck: 1,
    sk: 0,
    pen: 0,
    ints: 0,
    fum: 0,
    saf: 0,
    blk: 0,
    olid: 1447 },
  { gid: 3562,
    pid: 581223,
    off: 'MIN',
    def: 'NYG',
    type: 'PASS',
    dseq: 7,
    len: 8,
    qtr: 4,
    min: 8,
    sec: 16,
    ptso: 7,
    ptsd: 23,
    timo: 3,
    timd: 3,
    dwn: 1,
    ytg: 10,
    yfog: 58,
    zone: 3,
    fd: 0,
    sg: 0,
    nh: 0,
    pts: 0,
    tck: 0,
    sk: 0,
    pen: 0,
    ints: 0,
    fum: 0,
    saf: 0,
    blk: 0,
    olid: 1447 },
  { gid: 3562,
    pid: 581224,
    off: 'MIN',
    def: 'NYG',
    type: 'PASS',
    dseq: 8,
    len: 6,
    qtr: 4,
    min: 8,
    sec: 8,
    ptso: 7,
    ptsd: 23,
    timo: 3,
    timd: 3,
    dwn: 2,
    ytg: 10,
    yfog: 58,
    zone: 3,
    fd: 0,
    sg: 0,
    nh: 0,
    pts: 0,
    tck: 0,
    sk: 0,
    pen: 0,
    ints: 0,
    fum: 0,
    saf: 0,
    blk: 0,
    olid: 1447 },
  { gid: 3562,
    pid: 581225,
    off: 'MIN',
    def: 'NYG',
    type: 'PASS',
    dseq: 9,
    len: 35,
    qtr: 4,
    min: 8,
    sec: 2,
    ptso: 7,
    ptsd: 23,
    timo: 3,
    timd: 3,
    dwn: 3,
    ytg: 10,
    yfog: 58,
    zone: 3,
    fd: 1,
    sg: 1,
    nh: 0,
    pts: 0,
    tck: 1,
    sk: 0,
    pen: 0,
    ints: 0,
    fum: 0,
    saf: 0,
    blk: 0,
    olid: 1447 },
  { gid: 3562,
    pid: 581226,
    off: 'MIN',
    def: 'NYG',
    type: 'PASS',
    dseq: 10,
    len: 7,
    qtr: 4,
    min: 7,
    sec: 27,
    ptso: 7,
    ptsd: 23,
    timo: 3,
    timd: 3,
    dwn: 1,
    ytg: 10,
    yfog: 73,
    zone: 4,
    fd: 0,
    sg: 0,
    nh: 0,
    pts: 0,
    tck: 0,
    sk: 0,
    pen: 0,
    ints: 0,
    fum: 0,
    saf: 0,
    blk: 0,
    olid: 1447 },
  { gid: 3562,
    pid: 581227,
    off: 'MIN',
    def: 'NYG',
    type: 'PASS',
    dseq: 11,
    len: 30,
    qtr: 4,
    min: 7,
    sec: 20,
    ptso: 7,
    ptsd: 23,
    timo: 3,
    timd: 3,
    dwn: 2,
    ytg: 10,
    yfog: 73,
    zone: 4,
    fd: 0,
    sg: 1,
    nh: 0,
    pts: 0,
    tck: 1,
    sk: 0,
    pen: 0,
    ints: 0,
    fum: 0,
    saf: 0,
    blk: 0,
    olid: 1447 },
  { gid: 3562,
    pid: 581228,
    off: 'MIN',
    def: 'NYG',
    type: 'PASS',
    dseq: 12,
    len: 7,
    qtr: 4,
    min: 6,
    sec: 50,
    ptso: 7,
    ptsd: 23,
    timo: 3,
    timd: 3,
    dwn: 3,
    ytg: 5,
    yfog: 78,
    zone: 4,
    fd: 0,
    sg: 1,
    nh: 0,
    pts: 0,
    tck: 0,
    sk: 0,
    pen: 0,
    ints: 0,
    fum: 0,
    saf: 0,
    blk: 0,
    olid: 1447 },
  { gid: 3562,
    pid: 581229,
    off: 'MIN',
    def: 'NYG',
    type: 'PASS',
    dseq: 13,
    len: 5,
    qtr: 4,
    min: 6,
    sec: 43,
    ptso: 7,
    ptsd: 23,
    timo: 3,
    timd: 3,
    dwn: 4,
    ytg: 5,
    yfog: 78,
    zone: 4,
    fd: 0,
    sg: 1,
    nh: 0,
    pts: 0,
    tck: 0,
    sk: 0,
    pen: 0,
    ints: 0,
    fum: 0,
    saf: 0,
    blk: 0,
    olid: 1447 },
  { gid: 3562,
    pid: 581230,
    off: 'NYG',
    def: 'MIN',
    type: 'RUSH',
    dseq: 1,
    len: 34,
    qtr: 4,
    min: 6,
    sec: 38,
    ptso: 23,
    ptsd: 7,
    timo: 3,
    timd: 3,
    dwn: 1,
    ytg: 10,
    yfog: 22,
    zone: 2,
    fd: 0,
    sg: 0,
    nh: 0,
    pts: 0,
    tck: 1,
    sk: 0,
    pen: 0,
    ints: 0,
    fum: 0,
    saf: 0,
    blk: 0,
    olid: 1635 },
  { gid: 3562,
    pid: 581231,
    off: 'NYG',
    def: 'MIN',
    type: 'RUSH',
    dseq: 2,
    len: 46,
    qtr: 4,
    min: 6,
    sec: 4,
    ptso: 23,
    ptsd: 7,
    timo: 3,
    timd: 3,
    dwn: 2,
    ytg: 13,
    yfog: 19,
    zone: 1,
    fd: 0,
    sg: 1,
    nh: 0,
    pts: 0,
    tck: 1,
    sk: 0,
    pen: 0,
    ints: 0,
    fum: 0,
    saf: 0,
    blk: 0,
    olid: 1635 },
  { gid: 3562,
    pid: 581232,
    off: 'NYG',
    def: 'MIN',
    type: 'PASS',
    dseq: 3,
    len: 44,
    qtr: 4,
    min: 5,
    sec: 18,
    ptso: 23,
    ptsd: 7,
    timo: 3,
    timd: 3,
    dwn: 3,
    ytg: 12,
    yfog: 20,
    zone: 1,
    fd: 0,
    sg: 1,
    nh: 0,
    pts: 0,
    tck: 0,
    sk: 1,
    pen: 0,
    ints: 0,
    fum: 0,
    saf: 0,
    blk: 0,
    olid: 1635 },
  { gid: 3562,
    pid: 581233,
    off: 'MIN',
    def: 'NYG',
    type: 'PUNT',
    dseq: 0,
    len: 14,
    qtr: 4,
    min: 4,
    sec: 34,
    ptso: 7,
    ptsd: 23,
    timo: 3,
    timd: 3,
    dwn: 4,
    ytg: 12,
    yfog: 20,
    zone: 1,
    fd: 0,
    sg: 0,
    nh: 0,
    pts: 0,
    tck: 0,
    sk: 0,
    pen: 1,
    ints: 0,
    fum: 0,
    saf: 0,
    blk: 0,
    olid: 0 },
  { gid: 3562,
    pid: 581234,
    off: 'MIN',
    def: 'NYG',
    type: 'PASS',
    dseq: 1,
    len: 22,
    qtr: 4,
    min: 4,
    sec: 20,
    ptso: 7,
    ptsd: 23,
    timo: 3,
    timd: 3,
    dwn: 1,
    ytg: 10,
    yfog: 34,
    zone: 2,
    fd: 1,
    sg: 1,
    nh: 0,
    pts: 0,
    tck: 1,
    sk: 0,
    pen: 0,
    ints: 0,
    fum: 0,
    saf: 0,
    blk: 0,
    olid: 1447 },
  { gid: 3562,
    pid: 581235,
    off: 'MIN',
    def: 'NYG',
    type: 'PASS',
    dseq: 2,
    len: 6,
    qtr: 4,
    min: 3,
    sec: 58,
    ptso: 7,
    ptsd: 23,
    timo: 3,
    timd: 3,
    dwn: 1,
    ytg: 10,
    yfog: 52,
    zone: 3,
    fd: 0,
    sg: 1,
    nh: 1,
    pts: 0,
    tck: 0,
    sk: 0,
    pen: 0,
    ints: 0,
    fum: 0,
    saf: 0,
    blk: 0,
    olid: 1447 },
  { gid: 3562,
    pid: 581236,
    off: 'MIN',
    def: 'NYG',
    type: 'NOPL',
    dseq: 2,
    len: 7,
    qtr: 4,
    min: 3,
    sec: 52,
    ptso: 7,
    ptsd: 23,
    timo: 3,
    timd: 3,
    dwn: 2,
    ytg: 10,
    yfog: 52,
    zone: 3,
    fd: 0,
    sg: 0,
    nh: 0,
    pts: 0,
    tck: 0,
    sk: 0,
    pen: 1,
    ints: 0,
    fum: 0,
    saf: 0,
    blk: 0,
    olid: 1447 },
  { gid: 3562,
    pid: 581237,
    off: 'MIN',
    def: 'NYG',
    type: 'PASS',
    dseq: 3,
    len: 7,
    qtr: 4,
    min: 3,
    sec: 45,
    ptso: 7,
    ptsd: 23,
    timo: 3,
    timd: 3,
    dwn: 2,
    ytg: 5,
    yfog: 57,
    zone: 3,
    fd: 0,
    sg: 1,
    nh: 0,
    pts: 0,
    tck: 0,
    sk: 0,
    pen: 0,
    ints: 0,
    fum: 0,
    saf: 0,
    blk: 0,
    olid: 1447 },
  { gid: 3562,
    pid: 581238,
    off: 'MIN',
    def: 'NYG',
    type: 'PASS',
    dseq: 4,
    len: 37,
    qtr: 4,
    min: 3,
    sec: 38,
    ptso: 7,
    ptsd: 23,
    timo: 3,
    timd: 3,
    dwn: 3,
    ytg: 5,
    yfog: 57,
    zone: 3,
    fd: 1,
    sg: 1,
    nh: 0,
    pts: 0,
    tck: 1,
    sk: 0,
    pen: 0,
    ints: 0,
    fum: 0,
    saf: 0,
    blk: 0,
    olid: 1447 },
  { gid: 3562,
    pid: 581239,
    off: 'MIN',
    def: 'NYG',
    type: 'PASS',
    dseq: 5,
    len: 7,
    qtr: 4,
    min: 3,
    sec: 1,
    ptso: 7,
    ptsd: 23,
    timo: 3,
    timd: 3,
    dwn: 1,
    ytg: 10,
    yfog: 63,
    zone: 4,
    fd: 0,
    sg: 1,
    nh: 1,
    pts: 0,
    tck: 0,
    sk: 0,
    pen: 0,
    ints: 0,
    fum: 0,
    saf: 0,
    blk: 0,
    olid: 1447 },
  { gid: 3562,
    pid: 581240,
    off: 'MIN',
    def: 'NYG',
    type: 'NOPL',
    dseq: 5,
    len: 6,
    qtr: 4,
    min: 2,
    sec: 54,
    ptso: 7,
    ptsd: 23,
    timo: 3,
    timd: 3,
    dwn: 2,
    ytg: 10,
    yfog: 63,
    zone: 4,
    fd: 1,
    sg: 0,
    nh: 0,
    pts: 0,
    tck: 0,
    sk: 0,
    pen: 1,
    ints: 0,
    fum: 0,
    saf: 0,
    blk: 0,
    olid: 1447 },
  { gid: 3562,
    pid: 581241,
    off: 'MIN',
    def: 'NYG',
    type: 'PASS',
    dseq: 6,
    len: 7,
    qtr: 4,
    min: 2,
    sec: 48,
    ptso: 7,
    ptsd: 23,
    timo: 3,
    timd: 3,
    dwn: 1,
    ytg: 10,
    yfog: 85,
    zone: 5,
    fd: 0,
    sg: 1,
    nh: 0,
    pts: 0,
    tck: 0,
    sk: 0,
    pen: 0,
    ints: 0,
    fum: 0,
    saf: 0,
    blk: 0,
    olid: 1447 },
  { gid: 3562,
    pid: 581242,
    off: 'MIN',
    def: 'NYG',
    type: 'PASS',
    dseq: 7,
    len: 5,
    qtr: 4,
    min: 2,
    sec: 41,
    ptso: 7,
    ptsd: 23,
    timo: 3,
    timd: 3,
    dwn: 2,
    ytg: 10,
    yfog: 85,
    zone: 5,
    fd: 0,
    sg: 1,
    nh: 0,
    pts: 0,
    tck: 0,
    sk: 0,
    pen: 0,
    ints: 0,
    fum: 0,
    saf: 0,
    blk: 0,
    olid: 1447 },
  { gid: 3562,
    pid: 581243,
    off: 'MIN',
    def: 'NYG',
    type: 'PASS',
    dseq: 8,
    len: 4,
    qtr: 4,
    min: 2,
    sec: 36,
    ptso: 7,
    ptsd: 23,
    timo: 3,
    timd: 3,
    dwn: 3,
    ytg: 10,
    yfog: 85,
    zone: 5,
    fd: 0,
    sg: 1,
    nh: 0,
    pts: 0,
    tck: 0,
    sk: 0,
    pen: 0,
    ints: 0,
    fum: 0,
    saf: 0,
    blk: 0,
    olid: 1447 },
  { gid: 3562,
    pid: 581244,
    off: 'MIN',
    def: 'NYG',
    type: 'PASS',
    dseq: 9,
    len: 6,
    qtr: 4,
    min: 2,
    sec: 32,
    ptso: 7,
    ptsd: 23,
    timo: 3,
    timd: 3,
    dwn: 4,
    ytg: 10,
    yfog: 85,
    zone: 5,
    fd: 0,
    sg: 1,
    nh: 0,
    pts: 0,
    tck: 0,
    sk: 0,
    pen: 0,
    ints: 0,
    fum: 0,
    saf: 0,
    blk: 0,
    olid: 1447 },
  { gid: 3562,
    pid: 581245,
    off: 'NYG',
    def: 'MIN',
    type: 'RUSH',
    dseq: 1,
    len: 26,
    qtr: 4,
    min: 2,
    sec: 26,
    ptso: 23,
    ptsd: 7,
    timo: 3,
    timd: 3,
    dwn: 1,
    ytg: 10,
    yfog: 15,
    zone: 1,
    fd: 0,
    sg: 0,
    nh: 0,
    pts: 0,
    tck: 1,
    sk: 0,
    pen: 0,
    ints: 0,
    fum: 0,
    saf: 0,
    blk: 0,
    olid: 1635 },
  { gid: 3562,
    pid: 581246,
    off: 'NYG',
    def: 'MIN',
    type: 'RUSH',
    dseq: 2,
    len: 6,
    qtr: 4,
    min: 2,
    sec: 0,
    ptso: 23,
    ptsd: 7,
    timo: 3,
    timd: 3,
    dwn: 2,
    ytg: 6,
    yfog: 19,
    zone: 1,
    fd: 0,
    sg: 0,
    nh: 0,
    pts: 0,
    tck: 1,
    sk: 0,
    pen: 0,
    ints: 0,
    fum: 0,
    saf: 0,
    blk: 0,
    olid: 1635 },
  { gid: 3562,
    pid: 581247,
    off: 'NYG',
    def: 'MIN',
    type: 'RUSH',
    dseq: 3,
    len: 6,
    qtr: 4,
    min: 1,
    sec: 54,
    ptso: 23,
    ptsd: 7,
    timo: 3,
    timd: 2,
    dwn: 3,
    ytg: 5,
    yfog: 20,
    zone: 1,
    fd: 0,
    sg: 0,
    nh: 0,
    pts: 0,
    tck: 1,
    sk: 0,
    pen: 0,
    ints: 0,
    fum: 0,
    saf: 0,
    blk: 0,
    olid: 1635 },
  { gid: 3562,
    pid: 581248,
    off: 'MIN',
    def: 'NYG',
    type: 'PUNT',
    dseq: 0,
    len: 8,
    qtr: 4,
    min: 1,
    sec: 48,
    ptso: 7,
    ptsd: 23,
    timo: 1,
    timd: 3,
    dwn: 4,
    ytg: 1,
    yfog: 24,
    zone: 2,
    fd: 0,
    sg: 0,
    nh: 0,
    pts: 0,
    tck: 0,
    sk: 0,
    pen: 0,
    ints: 0,
    fum: 0,
    saf: 0,
    blk: 0,
    olid: 0 },
  { gid: 3562,
    pid: 581249,
    off: 'MIN',
    def: 'NYG',
    type: 'PASS',
    dseq: 1,
    len: 8,
    qtr: 4,
    min: 1,
    sec: 40,
    ptso: 7,
    ptsd: 23,
    timo: 1,
    timd: 3,
    dwn: 1,
    ytg: 10,
    yfog: 42,
    zone: 3,
    fd: 0,
    sg: 1,
    nh: 0,
    pts: 0,
    tck: 1,
    sk: 0,
    pen: 0,
    ints: 0,
    fum: 0,
    saf: 0,
    blk: 0,
    olid: 1447 },
  { gid: 3562,
    pid: 581250,
    off: 'MIN',
    def: 'NYG',
    type: 'PASS',
    dseq: 2,
    len: 22,
    qtr: 4,
    min: 1,
    sec: 32,
    ptso: 7,
    ptsd: 23,
    timo: 1,
    timd: 3,
    dwn: 2,
    ytg: 4,
    yfog: 48,
    zone: 3,
    fd: 1,
    sg: 1,
    nh: 0,
    pts: 0,
    tck: 1,
    sk: 0,
    pen: 0,
    ints: 0,
    fum: 0,
    saf: 0,
    blk: 0,
    olid: 1447 },
  { gid: 3562,
    pid: 581251,
    off: 'MIN',
    def: 'NYG',
    type: 'PASS',
    dseq: 3,
    len: 22,
    qtr: 4,
    min: 1,
    sec: 10,
    ptso: 7,
    ptsd: 23,
    timo: 1,
    timd: 3,
    dwn: 1,
    ytg: 10,
    yfog: 60,
    zone: 4,
    fd: 1,
    sg: 1,
    nh: 1,
    pts: 0,
    tck: 1,
    sk: 0,
    pen: 0,
    ints: 0,
    fum: 0,
    saf: 0,
    blk: 0,
    olid: 1447 },
  { gid: 3562,
    pid: 581252,
    off: 'MIN',
    def: 'NYG',
    type: 'PASS',
    dseq: 4,
    len: 11,
    qtr: 4,
    min: 0,
    sec: 48,
    ptso: 7,
    ptsd: 23,
    timo: 1,
    timd: 3,
    dwn: 1,
    ytg: 10,
    yfog: 71,
    zone: 4,
    fd: 0,
    sg: 1,
    nh: 0,
    pts: 0,
    tck: 0,
    sk: 0,
    pen: 0,
    ints: 0,
    fum: 0,
    saf: 0,
    blk: 0,
    olid: 1447 },
  { gid: 3562,
    pid: 581253,
    off: 'MIN',
    def: 'NYG',
    type: 'PASS',
    dseq: 5,
    len: 9,
    qtr: 4,
    min: 0,
    sec: 37,
    ptso: 7,
    ptsd: 23,
    timo: 1,
    timd: 3,
    dwn: 2,
    ytg: 10,
    yfog: 71,
    zone: 4,
    fd: 0,
    sg: 1,
    nh: 0,
    pts: 0,
    tck: 1,
    sk: 0,
    pen: 0,
    ints: 0,
    fum: 0,
    saf: 0,
    blk: 0,
    olid: 1447 },
  { gid: 3562,
    pid: 581254,
    off: 'MIN',
    def: 'NYG',
    type: 'PASS',
    dseq: 6,
    len: 5,
    qtr: 4,
    min: 0,
    sec: 28,
    ptso: 7,
    ptsd: 23,
    timo: 1,
    timd: 3,
    dwn: 3,
    ytg: 11,
    yfog: 70,
    zone: 4,
    fd: 0,
    sg: 1,
    nh: 0,
    pts: 0,
    tck: 0,
    sk: 0,
    pen: 0,
    ints: 0,
    fum: 0,
    saf: 0,
    blk: 0,
    olid: 1447 },
  { gid: 3562,
    pid: 581255,
    off: 'MIN',
    def: 'NYG',
    type: 'PASS',
    dseq: 7,
    len: 4,
    qtr: 4,
    min: 0,
    sec: 23,
    ptso: 7,
    ptsd: 23,
    timo: 1,
    timd: 3,
    dwn: 4,
    ytg: 11,
    yfog: 70,
    zone: 4,
    fd: 0,
    sg: 1,
    nh: 0,
    pts: 0,
    tck: 0,
    sk: 0,
    pen: 0,
    ints: 0,
    fum: 0,
    saf: 0,
    blk: 0,
    olid: 1447 },
  { gid: 3562,
    pid: 581256,
    off: 'NYG',
    def: 'MIN',
    type: 'RUSH',
    dseq: 1,
    len: 25,
    qtr: 4,
    min: 0,
    sec: 19,
    ptso: 23,
    ptsd: 7,
    timo: 3,
    timd: 1,
    dwn: 1,
    ytg: 10,
    yfog: 30,
    zone: 2,
    fd: 1,
    sg: 0,
    nh: 0,
    pts: 0,
    tck: 0,
    sk: 0,
    pen: 0,
    ints: 0,
    fum: 0,
    saf: 0,
    blk: 0,
    olid: 1635 } ]
